frame_index,elapsed_us,raw_action_0,raw_action_1,raw_action_2,raw_action_3,raw_action_4,raw_action_5,raw_action_6,raw_action_7,raw_action_8,raw_action_9,raw_action_10,raw_action_11,target_q_model_rad_0,target_q_model_rad_1,target_q_model_rad_2,target_q_model_rad_3,target_q_model_rad_4,target_q_model_rad_5,target_q_model_rad_6,target_q_model_rad_7,target_q_model_rad_8,target_q_model_rad_9,target_q_model_rad_10,target_q_model_rad_11,target_rad_0,target_rad_1,target_rad_2,target_rad_3,target_rad_4,target_rad_5,target_rad_6,target_rad_7,target_rad_8,target_rad_9,target_rad_10,target_rad_11
0,53682193,0.0551893562,-0.114806294,-0.0241882522,0.00186373864,0.00479681743,0.0055431677,-0.158426806,-0.0814496726,-0.321253568,-0.0286474936,-0.121225767,0.0342719704,0.0044151485,-0.00918450356,-0.307256476,-0.299440878,0.000383745395,0.000443453416,0.3,0.3,-0.248188035,-0.204297124,-0.00969806135,0.00274175763,0.0044151485,0.307256476,0.000383745395,0.3,0.40738609,-0.392594347,0.00918450356,-0.299440878,0.000443453416,-0.3,-0.33437562,0.325150289
1,53690667,0.0729604065,-0.192008719,-0.0369200632,0.0189010184,0.0129532181,0.0280874465,-0.230000496,-0.126146168,-0.610819459,-0.0427594855,-0.192775041,0.0164767802,0.00583683252,-0.0153606975,-0.311076019,-0.294329694,0.00103625745,0.00224699572,0.3,0.3,-0.291622919,-0.206413923,-0.0154220033,0.00131814241,0.00583683252,0.311076019,0.00103625745,0.3,0.482625182,-0.456870186,0.0153606975,-0.294329694,0.00224699572,-0.3,-0.336368868,0.329921765
2,53713499,0.0718476772,-0.241235152,-0.0455648229,0.0354721509,0.0203201734,0.0427661836,-0.265809536,-0.14471902,-0.867715597,-0.052402962,-0.238969877,-0.0146273263,0.00574781418,-0.0192988122,-0.313669447,-0.289358355,0.00162561387,0.00342129469,0.3,0.3,-0.33015734,-0.207860444,-0.0191175902,-0.0011701861,0.00574781418,0.313669447,0.00162561387,0.3,0.548531096,-0.515518856,0.0192988122,-0.289358355,0.00342129469,-0.3,-0.336247435,0.334668058
3,53732113,0.0549889542,-0.278340787,-0.0569657683,0.047846131,0.0244041756,0.0502554812,-0.288258851,-0.152244881,-1.09462285,-0.0627126321,-0.256165504,-0.0462719016,0.00439911634,-0.0222672629,-0.317089731,-0.285646161,0.00195233405,0.00402043849,0.3,0.3,-0.364193428,-0.209406895,-0.0204932404,-0.00370175213,0.00439911634,0.317089731,0.00195233405,0.3,0.605468021,-0.569461645,0.0222672629,-0.285646161,0.00402043849,-0.3,-0.336247795,0.339617293
4,53759238,0.0211130381,-0.30461508,-0.0674052238,0.0603751242,0.0257867053,0.0574543551,-0.305038631,-0.153162688,-1.28866959,-0.0767450929,-0.246760115,-0.0751493052,0.00168904305,-0.0243692064,-0.320221567,-0.281887463,0.00206293643,0.0045963484,0.3,0.3,-0.38,-0.211511764,-0.0197408092,-0.00601194441,0.00168904305,0.320221567,0.00206293643,0.3,0.630764106,-0.595979082,0.0243692064,-0.281887463,0.0045963484,-0.3,-0.337363904,0.345240538
5,53770781,-0.0186927114,-0.323619723,-0.0737698823,0.0689206272,0.0226534046,0.0651476607,-0.312184662,-0.153220817,-1.44938242,-0.0910490006,-0.226073265,-0.100884534,-0.00149541691,-0.0258895779,-0.322130965,-0.279323812,0.00181227237,0.00521181285,0.3,0.3,-0.38,-0.21365735,-0.0180858612,-0.00807076275,-0.00149541691,0.322130965,0.00181227237,0.3,0.629127477,-0.597554214,0.0258895779,-0.279323812,0.00521181285,-0.3,-0.338794742,0.350682541
6,53793688,-0.0664250404,-0.334588349,-0.0750715435,0.0784494728,0.0201369561,0.0715754107,-0.307673275,-0.146880209,-1.57739997,-0.0997638702,-0.202495322,-0.122013651,-0.00531400323,-0.0267670679,-0.322521463,-0.276465158,0.00161095649,0.00572603285,0.3,0.3,-0.38,-0.214964581,-0.0161996257,-0.00976109207,-0.00531400323,0.322521463,0.00161095649,0.3,0.627264506,-0.599351699,0.0267670679,-0.276465158,0.00572603285,-0.3,-0.339243379,0.354426907
7,53811709,-0.115989909,-0.337689102,-0.0742820278,0.0925520733,0.0171442013,0.0751529261,-0.299408644,-0.13614057,-1.67165709,-0.105066895,-0.188438296,-0.138119996,-0.00927919269,-0.0270151281,-0.322284608,-0.272234378,0.00137153611,0.00601223409,0.3,0.3,-0.38,-0.215760034,-0.0150750637,-0.0110495996,-0.00927919269,0.322284608,0.00137153611,0.3,0.626155021,-0.600424474,0.0270151281,-0.272234378,0.00601223409,-0.3,-0.339264254,0.356961212
8,53830630,-0.137570217,-0.33042863,-0.0741096139,0.100144669,0.010189618,0.0713213831,-0.298994184,-0.140269697,-1.74865043,-0.10418386,-0.213265896,-0.15324831,-0.0110056174,-0.0264342904,-0.322232884,-0.269956599,0.000815169439,0.00570571065,0.3,0.3,-0.38,-0.215627579,-0.0170612717,-0.0122598648,-0.0110056174,0.322232884,0.000815169439,0.3,0.628115209,-0.598530301,0.0264342904,-0.269956599,0.00570571065,-0.3,-0.337873337,0.357940358
9,53868481,-0.151073202,-0.326252043,-0.0728305355,0.102549955,0.00601759972,0.0713234842,-0.294823438,-0.149895251,-1.81953943,-0.103415377,-0.231568947,-0.166075557,-0.0120858562,-0.0261001635,-0.321849161,-0.269235013,0.000481407978,0.00570587873,0.3,0.3,-0.38,-0.215512307,-0.0185255158,-0.0132860446,-0.0120858562,0.321849161,0.000481407978,0.3,0.629562074,-0.597135586,0.0261001635,-0.269235013,0.00570587873,-0.3,-0.336689579,0.358766344
10,53873402,-0.166014478,-0.324642599,-0.0695658401,0.107759468,0.00610181922,0.0751042739,-0.288452774,-0.15893738,-1.88182259,-0.0959880054,-0.237254307,-0.169338733,-0.0132811582,-0.0259714079,-0.320869752,-0.26767216,0.000488145538,0.00600834191,0.3,0.3,-0.38,-0.214398201,-0.0189803445,-0.0135470986,-0.0132811582,0.320869752,0.000488145538,0.3,0.630011816,-0.596702645,0.0259714079,-0.26767216,0.00600834191,-0.3,-0.33464729,0.357248301
11,53891958,-0.183092147,-0.329608291,-0.0672996491,0.112777509,0.00588353863,0.0814326406,-0.28301695,-0.168174699,-1.94088972,-0.0887056068,-0.22896269,-0.167473674,-0.0146473718,-0.0263686633,-0.320189895,-0.266166747,0.00047068309,0.00651461124,0.3,0.3,-0.38,-0.213305841,-0.0183170152,-0.0133978939,-0.0146473718,0.320189895,0.00047068309,0.3,0.629355954,-0.597334099,0.0263686633,-0.266166747,0.00651461124,-0.3,-0.333039142,0.355361215
12,53921193,-0.201403961,-0.332891822,-0.0664623007,0.115359545,0.00559058134,0.0878598019,-0.28232947,-0.175540105,-2.00267482,-0.0801728815,-0.214746594,-0.166154563,-0.0161123168,-0.0266313457,-0.31993869,-0.265392137,0.000447246507,0.00702878416,0.3,0.3,-0.38,-0.212025932,-0.0171797276,-0.0132923651,-0.0161123168,0.31993869,0.000447246507,0.3,0.628232202,-0.598417417,0.0266313457,-0.265392137,0.00702878416,-0.3,-0.331087443,0.353218462
13,53929901,-0.220993355,-0.340304911,-0.0675701723,0.11962413,0.00737175345,0.0955218524,-0.287633538,-0.182128206,-2.05352855,-0.0742591023,-0.19824639,-0.163707852,-0.0176794684,-0.0272243929,-0.320271052,-0.264112761,0.000589740276,0.00764174819,0.3,0.3,-0.38,-0.211138865,-0.0158597112,-0.0130966282,-0.0176794684,0.320271052,0.000589740276,0.3,0.626929054,-0.599675871,0.0272243929,-0.264112761,0.00764174819,-0.3,-0.329854224,0.35161273
14,53951470,-0.234719723,-0.343439788,-0.0690920651,0.123142928,0.00853078254,0.0998229235,-0.297040433,-0.190531239,-2.10160995,-0.0690631345,-0.189571708,-0.16311273,-0.0187775779,-0.027475183,-0.32072762,-0.263057122,0.000682462603,0.00798583388,0.3,0.3,-0.38,-0.21035947,-0.0151657367,-0.0130490184,-0.0187775779,0.32072762,0.000682462603,0.3,0.626244445,-0.600337945,0.027475183,-0.263057122,0.00798583388,-0.3,-0.32864954,0.350324407
15,53970698,-0.244635969,-0.344720662,-0.069946751,0.126433775,0.00888437591,0.102175623,-0.304828525,-0.197342291,-2.14610958,-0.0675329193,-0.18400988,-0.162858248,-0.0195708776,-0.0275776529,-0.320984025,-0.262069868,0.000710750073,0.00817404985,0.3,0.3,-0.38,-0.210129938,-0.0147207904,-0.0130286598,-0.0195708776,0.320984025,0.000710750073,0.3,0.625805685,-0.600762607,0.0275776529,-0.262069868,0.00817404985,-0.3,-0.328300935,0.349938762
16,53991977,-0.250782162,-0.341880262,-0.0701571256,0.129567623,0.008384021,0.10155338,-0.307619691,-0.200126544,-2.18638921,-0.0677217022,-0.182434797,-0.163979605,-0.020062573,-0.027350421,-0.321047138,-0.261129713,0.00067072168,0.00812427044,0.3,0.3,-0.38,-0.210158255,-0.0145947838,-0.0131183684,-0.020062573,0.321047138,0.00067072168,0.3,0.625681456,-0.600882893,0.027350421,-0.261129713,0.00812427044,-0.3,-0.32825896,0.350072216
17,54015215,-0.255913049,-0.340741545,-0.070392102,0.131701857,0.00781395845,0.102089562,-0.307129294,-0.203523219,-2.22023106,-0.0699856505,-0.179135337,-0.163192734,-0.0204730439,-0.0272593236,-0.321117631,-0.260489443,0.000625116676,0.00816716492,0.3,0.3,-0.38,-0.210497848,-0.014330827,-0.0130554187,-0.0204730439,0.321117631,0.000625116676,0.3,0.625421259,-0.601134901,0.0272593236,-0.260489443,0.00816716492,-0.3,-0.328865426,0.350551117
18,54031798,-0.262141138,-0.341608196,-0.0696440488,0.133250207,0.0076703676,0.105133638,-0.303946048,-0.206154302,-2.248528,-0.0740767196,-0.17339997,-0.16049622,-0.0209712911,-0.0273286557,-0.320893215,-0.260024938,0.000613629408,0.00841069102,0.3,0.3,-0.38,-0.211111508,-0.0138719976,-0.0128396976,-0.0209712911,0.320893215,0.000613629408,0.3,0.624969083,-0.60157307,0.0273286557,-0.260024938,0.00841069102,-0.3,-0.33006066,0.351316163
19,54052743,-0.267734051,-0.344328791,-0.069040142,0.13511923,0.00769194216,0.109278597,-0.300562203,-0.206736892,-2.27017188,-0.0789796114,-0.168235019,-0.156899154,-0.0214187241,-0.0275463033,-0.320712043,-0.259464231,0.000615355372,0.00874228776,0.3,0.3,-0.38,-0.211846942,-0.0134588015,-0.0125519323,-0.0214187241,0.320712043,0.000615355372,0.3,0.624562007,-0.601967781,0.0275463033,-0.259464231,0.00874228776,-0.3,-0.331521462,0.352204368
20,54072283,-0.271868855,-0.348115832,-0.0683967099,0.136377499,0.0077393325,0.113876551,-0.297298491,-0.206490815,-2.28731036,-0.0835128054,-0.163847566,-0.153398007,-0.0217495084,-0.0278492665,-0.320519013,-0.25908675,0.0006191466,0.00911012411,0.3,0.3,-0.38,-0.212526921,-0.0131078053,-0.0122718406,-0.0217495084,0.320519013,0.0006191466,0.3,0.624216305,-0.602303164,0.0278492665,-0.25908675,0.00911012411,-0.3,-0.332885681,0.353011931
21,54093206,-0.275504947,-0.352846563,-0.0680515021,0.138788223,0.007771865,0.118550733,-0.293815136,-0.203847945,-2.30058455,-0.0875468329,-0.160792857,-0.150033459,-0.0220403957,-0.028227725,-0.320415451,-0.258363533,0.0006217492,0.00948405862,0.3,0.3,-0.38,-0.213132025,-0.0128634286,-0.0120026767,-0.0220403957,0.320415451,0.0006217492,0.3,0.623975666,-0.602536718,0.028227725,-0.258363533,0.00948405862,-0.3,-0.334119002,0.35371109
22,54120316,-0.277265668,-0.355912328,-0.068177864,0.140790269,0.00752355717,0.121741101,-0.290847868,-0.199869901,-2.31014299,-0.0911932886,-0.159226432,-0.147877291,-0.0221812534,-0.0284729862,-0.320453359,-0.257762919,0.000601884574,0.00973928809,0.3,0.3,-0.38,-0.213678993,-0.0127381146,-0.0118301833,-0.0221812534,0.320453359,0.000601884574,0.3,0.623852286,-0.602656498,0.0284729862,-0.257762919,0.00973928809,-0.3,-0.335164788,0.35441284
23,54131270,-0.277136296,-0.356524557,-0.0680402443,0.14200896,0.00700719049,0.123307049,-0.288522214,-0.195407748,-2.3168993,-0.093989335,-0.158864751,-0.146574527,-0.0221709037,-0.0285219646,-0.320412073,-0.257397312,0.000560575239,0.00986456394,0.3,0.3,-0.38,-0.2140984,-0.0127091801,-0.0117259622,-0.0221709037,0.320412073,0.000560575239,0.3,0.623823799,-0.602684156,0.0285219646,-0.257397312,0.00986456394,-0.3,-0.335939329,0.354978566
24,54151959,-0.276277333,-0.355262041,-0.0678483471,0.142847359,0.00629716227,0.123304173,-0.286127657,-0.190849215,-2.32061458,-0.0961487815,-0.159142524,-0.145431906,-0.0221021867,-0.0284209633,-0.320354504,-0.257145792,0.000503772981,0.00986433387,0.3,0.3,-0.38,-0.214422317,-0.0127314019,-0.0116345525,-0.0221021867,0.320354504,0.000503772981,0.3,0.623845677,-0.602662915,0.0284209633,-0.257145792,0.00986433387,-0.3,-0.336548139,0.355404774
25,54172274,-0.274691641,-0.351684481,-0.0681468174,0.142840222,0.00527657475,0.121290885,-0.284098029,-0.187329486,-2.32216334,-0.0976274759,-0.160252661,-0.144863307,-0.0219753313,-0.0281347585,-0.320444045,-0.257147934,0.00042212598,0.00970327079,0.3,0.3,-0.38,-0.214644121,-0.0128202128,-0.0115890646,-0.0219753313,0.320444045,0.00042212598,0.3,0.623933116,-0.602578024,0.0281347585,-0.257147934,0.00970327079,-0.3,-0.336948356,0.35571346
26,54196295,-0.27245909,-0.346616089,-0.0679245368,0.141980618,0.0044099628,0.118372649,-0.282441735,-0.184942231,-2.32256889,-0.0984144583,-0.161888331,-0.144431174,-0.0217967272,-0.0277292871,-0.320377361,-0.257405815,0.000352797024,0.00946981192,0.3,0.3,-0.38,-0.214762169,-0.0129510665,-0.0115544939,-0.0217967272,0.320377361,0.000352797024,0.3,0.624061959,-0.602452957,0.0277292871,-0.257405815,0.00946981192,-0.3,-0.337171446,0.35586756
27,54217354,-0.269226432,-0.340115517,-0.0671759397,0.140161693,0.00364093529,0.114524215,-0.28129518,-0.183518767,-2.3234365,-0.0980367735,-0.164277241,-0.144711003,-0.0215381145,-0.0272092414,-0.320152782,-0.257951492,0.000291274823,0.00916193724,0.3,0.3,-0.38,-0.214705516,-0.0131421793,-0.0115768802,-0.0215381145,0.320152782,0.000291274823,0.3,0.624250157,-0.602270315,0.0272092414,-0.257951492,0.00916193724,-0.3,-0.337058737,0.355799305
28,54230925,-0.265903503,-0.33378458,-0.0661995187,0.138142377,0.00314193242,0.110805832,-0.279730171,-0.182899043,-2.32476139,-0.0965055376,-0.166378662,-0.145263806,-0.0212722802,-0.0267027664,-0.319859856,-0.258557287,0.000251354594,0.00886446655,0.3,0.3,-0.38,-0.214475831,-0.013310293,-0.0116211045,-0.0212722802,0.319859856,0.000251354594,0.3,0.624415728,-0.602109673,0.0267027664,-0.258557287,0.00886446655,-0.3,-0.336647106,0.355476815
29,54252002,-0.263107538,-0.329241395,-0.0651494786,0.136429653,0.0029891734,0.108317733,-0.278902799,-0.183714986,-2.32729435,-0.0944405645,-0.167684942,-0.144492283,-0.0210486031,-0.0263393116,-0.319544844,-0.259071104,0.000239133872,0.00866541862,0.3,0.3,-0.38,-0.214166085,-0.0134147954,-0.0115593827,-0.0210486031,0.319544844,0.000239133872,0.3,0.62451866,-0.602009825,0.0263393116,-0.259071104,0.00866541862,-0.3,-0.336210198,0.354922553
30,54273465,-0.259276181,-0.324440777,-0.0641261041,0.133972302,0.00285893329,0.105242997,-0.2797001,-0.184742659,-2.33276629,-0.0915443599,-0.170446515,-0.145405531,-0.0207420945,-0.0259552622,-0.319237831,-0.259808309,0.000228714664,0.00841943979,0.3,0.3,-0.38,-0.213731654,-0.0136357212,-0.0116324425,-0.0207420945,0.319237831,0.000228714664,0.3,0.624736292,-0.601798762,0.0259552622,-0.259808309,0.00841943979,-0.3,-0.33544192,0.354302213
31,54293821,-0.25486353,-0.320056438,-0.0632832944,0.131171048,0.0027946129,0.102129422,-0.281328231,-0.186506569,-2.34133816,-0.0875322595,-0.17317903,-0.147413269,-0.0203890824,-0.0256045151,-0.318984988,-0.260648686,0.000223569032,0.00817035377,0.3,0.3,-0.38,-0.213129839,-0.0138543224,-0.0117930615,-0.0203890824,0.318984988,0.000223569032,0.3,0.624951667,-0.601589952,0.0256045151,-0.260648686,0.00817035377,-0.3,-0.334319709,0.353501361
32,54313860,-0.251073986,-0.317256838,-0.0624208227,0.128753737,0.00299158576,0.0998101085,-0.28385523,-0.189321443,-2.353899,-0.0832258612,-0.17511937,-0.14903228,-0.0200859189,-0.025380547,-0.318726247,-0.261373879,0.000239326861,0.00798480868,0.3,0.3,-0.38,-0.212483879,-0.0140095496,-0.0119225824,-0.0200859189,0.318726247,0.000239326861,0.3,0.625104625,-0.601441697,0.025380547,-0.261373879,0.00798480868,-0.3,-0.333156898,0.352599653
33,54331977,-0.248511627,-0.315605789,-0.0620603375,0.126647055,0.00341711147,0.0982154831,-0.287127823,-0.192630664,-2.36952329,-0.0792591497,-0.176252797,-0.150399163,-0.0198809302,-0.0252484632,-0.318618101,-0.262005883,0.000273368917,0.00785723865,0.3,0.3,-0.38,-0.211888872,-0.0141002238,-0.0120319331,-0.0198809302,0.318618101,0.000273368917,0.3,0.625193981,-0.601355103,0.0252484632,-0.262005883,0.00785723865,-0.3,-0.332095458,0.35175934
34,54352585,-0.247364476,-0.315836459,-0.0620603673,0.125180587,0.00407277234,0.0978777781,-0.290429354,-0.196587935,-2.38752246,-0.0760424957,-0.176314637,-0.151183754,-0.0197891581,-0.0252669168,-0.31861811,-0.262445824,0.000325821787,0.00783022225,0.3,0.3,-0.38,-0.211406374,-0.014105171,-0.0120947003,-0.0197891581,0.31861811,0.000325821787,0.3,0.625198856,-0.601350379,0.0252669168,-0.262445824,0.00783022225,-0.3,-0.331259939,0.351052465
35,54374240,-0.24795787,-0.317853302,-0.0624663569,0.124271855,0.00502308644,0.0985781848,-0.294584394,-0.20109883,-2.40750647,-0.0735308304,-0.175389946,-0.152442068,-0.0198366296,-0.0254282641,-0.318739907,-0.262718444,0.000401846915,0.00788625479,0.3,0.3,-0.38,-0.211029625,-0.0140311956,-0.0121953654,-0.0198366296,0.318739907,0.000401846915,0.3,0.625125956,-0.601421025,0.0254282641,-0.262718444,0.00788625479,-0.3,-0.330557173,0.350551384
36,54392104,-0.250311106,-0.3219347,-0.0630731732,0.124111347,0.00631626183,0.100866385,-0.29923889,-0.205756769,-2.42848921,-0.0719873384,-0.173055172,-0.153426141,-0.0200248885,-0.025754776,-0.318921952,-0.262766596,0.000505300947,0.00806931078,0.3,0.3,-0.38,-0.210798101,-0.0138444138,-0.0122740912,-0.0200248885,0.318921952,0.000505300947,0.3,0.624941904,-0.601599416,0.025754776,-0.262766596,0.00806931078,-0.3,-0.330108853,0.350260072
37,54411395,-0.253880918,-0.327619076,-0.0638491139,0.125228733,0.00758938119,0.104292169,-0.303550601,-0.209952801,-2.44988632,-0.071901001,-0.169940084,-0.153698608,-0.0203104734,-0.0262095261,-0.319154734,-0.26243138,0.000607150495,0.00834337354,0.3,0.3,-0.38,-0.21078515,-0.0135952067,-0.0122958887,-0.0203104734,0.319154734,0.000607150495,0.3,0.624696379,-0.601837465,0.0262095261,-0.26243138,0.00834337354,-0.3,-0.330066822,0.350260901
38,54432402,-0.257958621,-0.334072322,-0.0649487227,0.126660511,0.00870413799,0.108346969,-0.308071941,-0.214031175,-2.47047853,-0.073178798,-0.166431621,-0.153592616,-0.0206366897,-0.0267257857,-0.319484617,-0.262001847,0.000696331039,0.00866775751,0.3,0.3,-0.38,-0.21097682,-0.0133145297,-0.0122874093,-0.0206366897,0.319484617,0.000696331039,0.3,0.624419901,-0.602105625,0.0267257857,-0.262001847,0.00866775751,-0.3,-0.330382711,0.350557875
39,54452879,-0.262195289,-0.34090808,-0.0660466254,0.128635168,0.00964623038,0.11270462,-0.311842561,-0.217099294,-2.48951745,-0.0756957233,-0.16298838,-0.153658912,-0.0209756231,-0.0272726464,-0.319813988,-0.26140945,0.00077169843,0.00901636958,0.3,0.3,-0.38,-0.211354358,-0.0130390704,-0.0122927129,-0.0209756231,0.319813988,0.00077169843,0.3,0.624148617,-0.602368851,0.0272726464,-0.26140945,0.00901636958,-0.3,-0.330983476,0.35116451
40,54470517,-0.265571952,-0.346849233,-0.0669572726,0.130340397,0.0101958066,0.116462924,-0.315436184,-0.219482839,-2.50698256,-0.0789070651,-0.1603726,-0.154244572,-0.0212457561,-0.0277479386,-0.320087182,-0.260897881,0.00081566453,0.00931703389,0.3,0.3,-0.38,-0.21183606,-0.012829808,-0.0123395658,-0.0212457561,0.320087182,0.00081566453,0.3,0.623942563,-0.602568853,0.0277479386,-0.260897881,0.00931703389,-0.3,-0.331710922,0.351977991
41,54494783,-0.268805355,-0.352261662,-0.0674983039,0.132371351,0.0105023608,0.120124355,-0.317184597,-0.22045128,-2.52200651,-0.0830512643,-0.157617927,-0.154039651,-0.0215044284,-0.028180933,-0.320249491,-0.260288595,0.000840188861,0.0096099484,0.3,0.3,-0.38,-0.21245769,-0.0126094341,-0.0123231721,-0.0215044284,0.320249491,0.000840188861,0.3,0.623725602,-0.602779507,0.028180933,-0.260288595,0.0096099484,-0.3,-0.332724562,0.352952158
42,54512380,-0.271356881,-0.356696695,-0.0679135546,0.133750528,0.0105949733,0.123392284,-0.318638265,-0.221048281,-2.53449798,-0.0876522288,-0.15566659,-0.153623015,-0.0217085505,-0.0285357356,-0.320374066,-0.259874842,0.000847597867,0.00987138271,0.3,0.3,-0.38,-0.213147834,-0.0124533272,-0.0122898412,-0.0217085505,0.320374066,0.000847597867,0.3,0.623571933,-0.602928748,0.0285357356,-0.259874842,0.00987138271,-0.3,-0.333864635,0.354018855
43,54531803,-0.273383051,-0.359896243,-0.0681807622,0.134934992,0.0103794215,0.125841066,-0.319166452,-0.220941231,-2.54449797,-0.0925629362,-0.154057845,-0.15313974,-0.0218706441,-0.0287916994,-0.320454229,-0.259519503,0.000830353722,0.0100672853,0.3,0.3,-0.38,-0.21388444,-0.0123246276,-0.0122511792,-0.0218706441,0.320454229,0.000830353722,0.3,0.623445257,-0.603051799,0.0287916994,-0.259519503,0.0100672853,-0.3,-0.335084429,0.355154386
44,54551298,-0.274914026,-0.361850023,-0.0680311024,0.136226416,0.00998462923,0.127538726,-0.318764687,-0.219846636,-2.55211186,-0.097297065,-0.152977243,-0.152408451,-0.0219931221,-0.0289480019,-0.320409331,-0.259132075,0.000798770338,0.0102030981,0.3,0.3,-0.38,-0.21459456,-0.0122381794,-0.0121926761,-0.0219931221,0.320409331,0.000798770338,0.3,0.623360174,-0.60313446,0.0289480019,-0.259132075,0.0102030981,-0.3,-0.336280999,0.356228259
45,54573897,-0.27517876,-0.361849278,-0.0676012635,0.136604235,0.0094538508,0.127941802,-0.318413347,-0.218041152,-2.55781722,-0.101560399,-0.15335004,-0.152320117,-0.0220143008,-0.0289479423,-0.320280379,-0.25901873,0.000756308064,0.0102353442,0.3,0.3,-0.38,-0.21523406,-0.0122680032,-0.0121856093,-0.0220143008,0.320280379,0.000756308064,0.3,0.623389526,-0.603105942,0.0289479423,-0.25901873,0.0102353442,-0.3,-0.337314126,0.35724027
46,54591802,-0.274499983,-0.359977931,-0.0668235049,0.136473268,0.00872047339,0.127212077,-0.317399174,-0.21539022,-2.5618341,-0.105277091,-0.154203996,-0.152085096,-0.0219599986,-0.0287982345,-0.320047051,-0.25905802,0.000697637871,0.0101769662,0.3,0.3,-0.38,-0.215791564,-0.0123363197,-0.0121668077,-0.0219599986,0.320047051,0.000697637871,0.3,0.623456764,-0.60304062,0.0287982345,-0.25905802,0.0101769662,-0.3,-0.338227075,0.358110124
47,54610886,-0.272810996,-0.356045216,-0.0658010021,0.136262298,0.00780276861,0.124914452,-0.315275192,-0.211331964,-2.56404853,-0.108287156,-0.156513453,-0.152185678,-0.0218248796,-0.0284836173,-0.319740301,-0.259121311,0.000624221489,0.00999315619,0.3,0.3,-0.38,-0.216243073,-0.0125210762,-0.0121748543,-0.0218248796,0.319740301,0.000624221489,0.3,0.623638622,-0.602863977,0.0284836173,-0.259121311,0.00999315619,-0.3,-0.338943787,0.358837516
48,54636344,-0.270223647,-0.350874275,-0.064684242,0.135079935,0.00683593936,0.121905454,-0.313076437,-0.207516968,-2.56483364,-0.110414714,-0.159133539,-0.152491197,-0.0216178918,-0.028069942,-0.319405273,-0.259476019,0.000546875149,0.00975243628,0.3,0.3,-0.38,-0.216562207,-0.0127306831,-0.0121992958,-0.0216178918,0.319405273,0.000546875149,0.3,0.623844969,-0.602663602,0.028069942,-0.259476019,0.00975243628,-0.3,-0.339432114,0.359370105
49,54655795,-0.26727432,-0.345198601,-0.0633904114,0.133887351,0.00589109678,0.118465796,-0.310526013,-0.203769252,-2.56521487,-0.111754403,-0.161784545,-0.152367383,-0.0213819456,-0.0276158881,-0.319017123,-0.259833795,0.000471287742,0.00947726369,0.3,0.3,-0.38,-0.21676316,-0.0129427636,-0.0121893907,-0.0213819456,0.319017123,0.000471287742,0.3,0.624053783,-0.602460892,0.0276158881,-0.259833795,0.00947726369,-0.3,-0.339764222,0.359680594
50,54670456,-0.263777524,-0.338897675,-0.0623776875,0.132304624,0.00495064491,0.114294067,-0.307897061,-0.200162277,-2.56531644,-0.111978218,-0.165005907,-0.153354362,-0.0211022019,-0.027111814,-0.318713306,-0.260308613,0.000396051593,0.00914352536,0.3,0.3,-0.38,-0.216796733,-0.0132004726,-0.0122683489,-0.0211022019,0.318713306,0.000396051593,0.3,0.624307566,-0.602214611,0.027111814,-0.260308613,0.00914352536,-0.3,-0.339741256,0.35981175
51,54693896,-0.260599881,-0.333672523,-0.0614886209,0.130395189,0.00425703637,0.110886201,-0.305623412,-0.198005408,-2.56583786,-0.111255541,-0.167088389,-0.153826386,-0.0208479905,-0.0266938019,-0.318446586,-0.260881443,0.00034056291,0.0088708961,0.3,0.3,-0.38,-0.216688331,-0.0133670712,-0.0123061109,-0.0208479905,0.318446586,0.00034056291,0.3,0.624471652,-0.602055423,0.0266938019,-0.260881443,0.0088708961,-0.3,-0.339530555,0.359676146
52,54712399,-0.257712156,-0.329243392,-0.0606031008,0.129020244,0.00377238495,0.107712843,-0.303578585,-0.196072638,-2.56760859,-0.109727204,-0.169217497,-0.154461876,-0.0206169724,-0.0263394713,-0.31818093,-0.261293927,0.000301790796,0.0086170274,0.3,0.3,-0.38,-0.216459081,-0.0135373998,-0.01235695,-0.0206169724,0.31818093,0.000301790796,0.3,0.624639432,-0.60189269,0.0263394713,-0.261293927,0.0086170274,-0.3,-0.339113192,0.359360832
53,54735353,-0.255301565,-0.325936794,-0.0601702444,0.127793312,0.00349557376,0.105215997,-0.30160889,-0.194606602,-2.56983566,-0.107448347,-0.170925558,-0.155243978,-0.0204241252,-0.0260749435,-0.318051073,-0.261662006,0.000279645901,0.00841727972,0.3,0.3,-0.38,-0.216117252,-0.0136740446,-0.0124195182,-0.0204241252,0.318051073,0.000279645901,0.3,0.624774047,-0.601762153,0.0260749435,-0.261662006,0.00841727972,-0.3,-0.338503746,0.358877676
54,54760579,-0.25419569,-0.324769795,-0.0602015518,0.127429262,0.00349546992,0.104004934,-0.299573094,-0.19390671,-2.5727725,-0.105082721,-0.171604767,-0.155282244,-0.0203356552,-0.0259815836,-0.318060466,-0.261771221,0.000279637594,0.00832039475,0.3,0.3,-0.38,-0.215762408,-0.0137283814,-0.0124225795,-0.0203356552,0.318060466,0.000279637594,0.3,0.62482758,-0.601710248,0.0259815836,-0.261771221,0.00832039475,-0.3,-0.337931319,0.358315263
55,54770924,-0.254184157,-0.3248384,-0.0605375245,0.127685636,0.00375242019,0.103574611,-0.298097849,-0.193302467,-2.57555008,-0.102726586,-0.171751007,-0.155216724,-0.0203347325,-0.025987072,-0.318161257,-0.261694309,0.000300193615,0.0082859689,0.3,0.3,-0.38,-0.215408988,-0.0137400806,-0.0124173379,-0.0203347325,0.318161257,0.000300193615,0.3,0.624839107,-0.601699073,0.025987072,-0.261694309,0.0082859689,-0.3,-0.337369255,0.357746963
56,54797850,-0.255024016,-0.32619366,-0.0613784939,0.128102168,0.00412889197,0.104064755,-0.297251254,-0.193498969,-2.57838655,-0.100541435,-0.171105966,-0.155197069,-0.0204019213,-0.0260954928,-0.318413548,-0.261569349,0.000330311358,0.00832518041,0.3,0.3,-0.38,-0.215081215,-0.0136884773,-0.0124157655,-0.0204019213,0.318413548,0.000330311358,0.3,0.624788266,-0.601748366,0.0260954928,-0.261569349,0.00832518041,-0.3,-0.336844773,0.357223152
57,54811431,-0.257047206,-0.328858614,-0.062368311,0.129178688,0.00471642846,0.10541787,-0.296708673,-0.194140211,-2.58086801,-0.0986557975,-0.169673502,-0.155238569,-0.0205637765,-0.0263086891,-0.318710493,-0.261246394,0.000377314277,0.0084334296,0.3,0.3,-0.38,-0.21479837,-0.0135738802,-0.0124190855,-0.0205637765,0.318710493,0.000377314277,0.3,0.624675369,-0.601857839,0.0263086891,-0.261246394,0.0084334296,-0.3,-0.336387624,0.356775748
58,54835640,-0.260415763,-0.332703322,-0.0635183528,0.130962387,0.00546519691,0.107705668,-0.296305776,-0.194589734,-2.58246827,-0.0972506702,-0.167176247,-0.155253991,-0.020833261,-0.0266162658,-0.319055506,-0.260711284,0.000437215753,0.00861645341,0.3,0.3,-0.38,-0.214587601,-0.0133740997,-0.0124203193,-0.020833261,0.319055506,0.000437215753,0.3,0.624478575,-0.602048707,0.0266162658,-0.260711284,0.00861645341,-0.3,-0.336048174,0.35644114
59,54853858,-0.264677554,-0.338010877,-0.0650098398,0.133016497,0.00635234592,0.111247726,-0.29660356,-0.196033493,-2.58271313,-0.0966295153,-0.163842142,-0.154184878,-0.0211742043,-0.0270408702,-0.319502952,-0.260095051,0.000508187674,0.00889981806,0.3,0.3,-0.38,-0.214494427,-0.0131073713,-0.0123347902,-0.0211742043,0.319502952,0.000508187674,0.3,0.624215878,-0.602303578,0.0270408702,-0.260095051,0.00889981806,-0.3,-0.335981926,0.356208534
60,54872582,-0.269259304,-0.343561769,-0.066644229,0.135524556,0.00710477075,0.114836037,-0.29664278,-0.197072357,-2.58129191,-0.0968986005,-0.160892934,-0.15351668,-0.0215407443,-0.0274849415,-0.319993269,-0.259342633,0.00056838166,0.00918688297,0.3,0.3,-0.38,-0.21453479,-0.0128714347,-0.0122813344,-0.0215407443,0.319993269,0.00056838166,0.3,0.623983549,-0.602529066,0.0274849415,-0.259342633,0.00918688297,-0.3,-0.336098752,0.356220251
61,54896452,-0.273818344,-0.349232525,-0.0682840049,0.137802005,0.00782093219,0.11873392,-0.297202528,-0.198209688,-2.57795119,-0.0976603851,-0.157562152,-0.152693823,-0.0219054675,-0.027938602,-0.320485201,-0.258659399,0.000625674576,0.00949871361,0.3,0.3,-0.38,-0.214649058,-0.0126049721,-0.0122155058,-0.0219054675,0.320485201,0.000625674576,0.3,0.623721209,-0.602783772,0.027938602,-0.258659399,0.00949871361,-0.3,-0.336346226,0.356337553
62,54914034,-0.278185785,-0.354928762,-0.0696904585,0.140424937,0.00836018845,0.122658096,-0.297508121,-0.199398041,-2.57278872,-0.0991462022,-0.154420868,-0.151364058,-0.0222548628,-0.0283943009,-0.320907138,-0.257872519,0.000668815076,0.0098126477,0.3,0.3,-0.38,-0.21487193,-0.0123536694,-0.0121091247,-0.0222548628,0.320907138,0.000668815076,0.3,0.623473841,-0.603024031,0.0283943009,-0.257872519,0.0098126477,-0.3,-0.336807468,0.356588014
63,54932276,-0.28196308,-0.360233545,-0.0710145608,0.142605454,0.00878220238,0.126527339,-0.297846138,-0.200688928,-2.56595325,-0.101145074,-0.151845425,-0.149901018,-0.0225570464,-0.0288186836,-0.321304368,-0.257218364,0.00070257619,0.0101221871,0.3,0.3,-0.38,-0.215171761,-0.012147634,-0.0119920814,-0.0225570464,0.321304368,0.00070257619,0.3,0.623271064,-0.603221043,0.0288186836,-0.257218364,0.0101221871,-0.3,-0.337402576,0.356950632
64,54964254,-0.285087705,-0.364941895,-0.0720751807,0.144385651,0.00909181777,0.130112022,-0.29813835,-0.201822847,-2.55771422,-0.103567772,-0.149419904,-0.148309186,-0.0228070164,-0.0291953516,-0.321622554,-0.256684305,0.000727345422,0.0104089618,0.3,0.3,-0.38,-0.215535166,-0.0119535923,-0.0118647349,-0.0228070164,0.321622554,0.000727345422,0.3,0.62308012,-0.603406613,0.0291953516,-0.256684305,0.0104089618,-0.3,-0.338109714,0.357404445
65,54970704,-0.287286997,-0.368146241,-0.0728572533,0.14591302,0.00912539475,0.132581443,-0.298451126,-0.20274809,-2.54818845,-0.105997175,-0.147844881,-0.146611288,-0.0229829597,-0.0294516993,-0.321857176,-0.256226094,0.00073003158,0.0106065154,0.3,0.3,-0.38,-0.215899576,-0.0118275905,-0.0117289031,-0.0229829597,0.321857176,0.00073003158,0.3,0.622956143,-0.603527127,0.0294516993,-0.256226094,0.0106065154,-0.3,-0.338826703,0.357851551
66,54990745,-0.288318366,-0.369665027,-0.0732998028,0.146663889,0.00891857222,0.13401711,-0.298614204,-0.203423411,-2.53806782,-0.108450845,-0.147065938,-0.145137742,-0.0230654693,-0.0295732021,-0.321989941,-0.256000833,0.000713485777,0.0107213688,0.3,0.3,-0.38,-0.216267627,-0.011765275,-0.0116110194,-0.0230654693,0.321989941,0.000713485777,0.3,0.622894833,-0.603586732,0.0295732021,-0.256000833,0.0107213688,-0.3,-0.339532036,0.358322143
67,55017288,-0.288142473,-0.368886262,-0.0732670277,0.146693006,0.00850750506,0.134027928,-0.298861921,-0.203817129,-2.52784371,-0.110634848,-0.147184685,-0.143884793,-0.0230513978,-0.029510901,-0.321980108,-0.255992098,0.000680600405,0.0107222342,0.3,0.3,-0.38,-0.216595227,-0.0117747748,-0.0115107834,-0.0230513978,0.321980108,0.000680600405,0.3,0.62290418,-0.603577645,0.029510901,-0.255992098,0.0107222342,-0.3,-0.340155264,0.358745656
68,55031803,-0.286269099,-0.365699708,-0.072613582,0.14553085,0.00799826067,0.132579535,-0.299875379,-0.204636499,-2.51853895,-0.112220533,-0.148536071,-0.142684132,-0.0229015279,-0.0292559767,-0.321784075,-0.256340745,0.000639860854,0.0106063628,0.3,0.3,-0.38,-0.21683308,-0.0118828857,-0.0114147305,-0.0229015279,0.321784075,0.000639860854,0.3,0.623010548,-0.603474239,0.0292559767,-0.256340745,0.0106063628,-0.3,-0.340630404,0.359030277
69,55059018,-0.283016503,-0.360049576,-0.0712407753,0.143606618,0.00743819401,0.129483864,-0.300320804,-0.204397663,-2.51081657,-0.112874366,-0.151270524,-0.143267989,-0.0226413202,-0.028803966,-0.321372233,-0.256918015,0.000595055521,0.0103587091,0.3,0.3,-0.38,-0.216931155,-0.0121016419,-0.0114614391,-0.0226413202,0.321372233,0.000595055521,0.3,0.623225804,-0.603265025,0.028803966,-0.256918015,0.0103587091,-0.3,-0.340742298,0.359232501
70,55071304,-0.278701097,-0.353709817,-0.0693540871,0.140728176,0.00688198162,0.126149461,-0.301401645,-0.205175757,-2.50521255,-0.112414077,-0.153745949,-0.143128827,-0.0222960877,-0.0282967854,-0.320806226,-0.257781547,0.00055055853,0.0100919569,0.3,0.3,-0.38,-0.216862112,-0.0122996759,-0.0114503062,-0.0222960877,0.320806226,0.00055055853,0.3,0.623420698,-0.603075657,0.0282967854,-0.257781547,0.0100919569,-0.3,-0.340642355,0.359111521
71,55097576,-0.273464501,-0.34683308,-0.0670218244,0.137325913,0.00641958928,0.122337855,-0.303184569,-0.206056833,-2.50327492,-0.111244857,-0.156875059,-0.143286169,-0.0218771601,-0.0277466464,-0.320106547,-0.258802226,0.000513567142,0.00978702843,0.3,0.3,-0.38,-0.216686729,-0.0125500047,-0.0114628935,-0.0218771601,0.320106547,0.000513567142,0.3,0.623667099,-0.602836321,0.0277466464,-0.258802226,0.00978702843,-0.3,-0.340348699,0.358844392
72,55110535,-0.267757148,-0.339930266,-0.0648409575,0.133320197,0.00598873524,0.118379109,-0.30559662,-0.207444444,-2.50473022,-0.109117702,-0.159836128,-0.143720925,-0.0214205718,-0.0271944213,-0.319452287,-0.260003941,0.000479098819,0.00947032869,0.3,0.3,-0.38,-0.216367655,-0.0127868903,-0.011497674,-0.0214205718,0.319452287,0.000479098819,0.3,0.623900307,-0.602609875,0.0271944213,-0.260003941,0.00947032869,-0.3,-0.339802881,0.358370097
73,55134617,-0.262244493,-0.333889604,-0.0628569573,0.129722446,0.00560023356,0.114386968,-0.307951272,-0.208932757,-2.51030827,-0.106591038,-0.16256386,-0.144571602,-0.0209795594,-0.0267111683,-0.318857087,-0.261083266,0.000448018685,0.00915095747,0.3,0.3,-0.38,-0.215988656,-0.0130051088,-0.0115657282,-0.0209795594,0.318857087,0.000448018685,0.3,0.624115174,-0.602401307,0.0267111683,-0.261083266,0.00915095747,-0.3,-0.339128504,0.357833039
74,55151250,-0.256949246,-0.328267127,-0.0609851368,0.125921428,0.00537619134,0.110456698,-0.311253279,-0.210627168,-2.51968861,-0.103513226,-0.165243104,-0.146258742,-0.0205559397,-0.0262613702,-0.318295541,-0.262223572,0.000430095308,0.00883653581,0.3,0.3,-0.38,-0.215526984,-0.0132194483,-0.0117006993,-0.0205559397,0.318295541,0.000430095308,0.3,0.624326255,-0.602196478,0.0262613702,-0.262223572,0.00883653581,-0.3,-0.338256298,0.357230076
75,55177216,-0.252459943,-0.324069768,-0.0594715215,0.122939982,0.00524822483,0.107210018,-0.313899338,-0.21247521,-2.53261232,-0.100640662,-0.167251378,-0.147759557,-0.0201967955,-0.0259255815,-0.317841456,-0.263118006,0.000419857986,0.00857680142,0.3,0.3,-0.38,-0.215096099,-0.0133801103,-0.0118207645,-0.0201967955,0.317841456,0.000419857986,0.3,0.624484495,-0.602042965,0.0259255815,-0.263118006,0.00857680142,-0.3,-0.337447976,0.356661558
76,55191497,-0.249739483,-0.322226733,-0.0583475642,0.120673701,0.00560843153,0.105645902,-0.31663388,-0.214726448,-2.54814053,-0.0982554108,-0.168016434,-0.148712531,-0.0199791586,-0.0257781386,-0.317504269,-0.26379789,0.000448674522,0.0084516722,0.3,0.3,-0.38,-0.214738312,-0.0134413147,-0.0118970025,-0.0199791586,0.317504269,0.000448674522,0.3,0.624544782,-0.601984488,0.0257781386,-0.26379789,0.0084516722,-0.3,-0.336799604,0.35616644
77,55213531,-0.248477072,-0.32214275,-0.0577728711,0.11931432,0.00616410607,0.10511595,-0.319121242,-0.216654554,-2.56530905,-0.096569024,-0.168273658,-0.149912179,-0.0198781657,-0.02577142,-0.317331861,-0.264205704,0.000493128486,0.00840927601,0.3,0.3,-0.38,-0.214485354,-0.0134618926,-0.0119929743,-0.0198781657,0.317331861,0.000493128486,0.3,0.624565052,-0.601964828,0.02577142,-0.264205704,0.00840927601,-0.3,-0.336300219,0.355857791
78,55231901,-0.248360291,-0.323968351,-0.0575342998,0.118560992,0.00689014373,0.10588748,-0.321890175,-0.218608767,-2.58391762,-0.0954518542,-0.167651832,-0.151102483,-0.0198688233,-0.0259174681,-0.31726029,-0.264431702,0.000551211499,0.00847099841,0.3,0.3,-0.38,-0.214317778,-0.0134121466,-0.0120881987,-0.0198688233,0.31726029,0.000551211499,0.3,0.624516051,-0.602012356,0.0259174681,-0.264431702,0.00847099841,-0.3,-0.335938569,0.355684466
