frame_index,elapsed_us,target_pos_deg_0,target_pos_deg_1,target_pos_deg_2,target_pos_deg_3,target_pos_deg_4,target_pos_deg_5,target_pos_deg_6,target_pos_deg_7,target_pos_deg_8,target_pos_deg_9,target_pos_deg_10,target_pos_deg_11,rx_pos_deg_0,rx_pos_deg_1,rx_pos_deg_2,rx_pos_deg_3,rx_pos_deg_4,rx_pos_deg_5,rx_pos_deg_6,rx_pos_deg_7,rx_pos_deg_8,rx_pos_deg_9,rx_pos_deg_10,rx_pos_deg_11,tar_err_deg_0,tar_err_deg_1,tar_err_deg_2,tar_err_deg_3,tar_err_deg_4,tar_err_deg_5,tar_err_deg_6,tar_err_deg_7,tar_err_deg_8,tar_err_deg_9,tar_err_deg_10,tar_err_deg_11
0,128,0.250158691,4.81885694,0.320855713,5.68897413,34.8113384,-32.7047435,0.633554077,0.404565298,1.43025513,3.20797411,-19.3911944,20.0688082,0.252685547,4.69116211,0.32409668,5.57556152,34.9804688,-32.8491211,0.639953613,0.582275391,1.44195557,3.41400146,-19.4210815,20.0857544,-0.00252685547,0.127694834,-0.0032409668,0.113412607,-0.169130372,0.144377617,-0.00639953613,-0.177710092,-0.0117004395,-0.206027353,0.0298871785,-0.0169462095
1,20591,0.247631836,4.94380519,0.317614746,5.80513332,34.6423086,-32.5604133,0.627154541,0.226855206,1.41580811,3.00194676,-19.3832803,20.051862,0.252685547,4.69390869,0.32409668,5.57556152,34.9749756,-32.8408813,0.639953613,0.563049316,1.44470215,3.39202881,-19.4265747,20.0473022,-0.00505371094,0.249896503,-0.00648193359,0.229571796,-0.332666992,0.280468069,-0.0127990723,-0.336194111,-0.028894043,-0.39008205,0.0432944481,0.00455976221
2,40954,0.24510498,5.06875345,0.314373779,5.92129251,34.4733825,-32.416145,0.620755005,0.0491451133,1.40136108,2.79591941,-19.3753666,20.0349159,0.249938965,4.71313477,0.326843262,5.60577393,34.9365234,-32.8216553,0.639953613,0.519104004,1.44470215,3.33984375,-19.4073486,20.0582886,-0.00483398437,0.355618681,-0.0124694824,0.315518583,-0.463140934,0.405510229,-0.0191986084,-0.469958891,-0.0433410645,-0.543924345,0.0319820596,-0.0233727027
3,61247,0.242578125,5.1937017,0.311132812,6.0374517,34.3045587,-32.271938,0.614355469,-0.128564979,1.38691406,2.58989205,-19.3674533,20.0179698,0.249938965,4.74334717,0.32409668,5.65795898,34.8925781,-32.7832031,0.639953613,0.450439453,1.44195557,3.25469971,-19.4238281,20.0637817,-0.00736083984,0.45035453,-0.0129638672,0.379492714,-0.588019447,0.511265134,-0.0255981445,-0.579004432,-0.0550415039,-0.664807655,0.0563748179,-0.0458119647
4,81609,0.24005127,5.31864995,0.307891846,6.15361089,34.1358357,-32.1277913,0.607955933,-0.306275072,1.37246704,2.3838647,-19.3595405,20.0010237,0.249938965,4.79003906,0.32409668,5.71563721,34.8486328,-32.7420044,0.639953613,0.359802246,1.43920898,3.11462402,-19.4018555,20.0830078,-0.00988769531,0.528610887,-0.016204834,0.43797368,-0.712797107,0.614213056,-0.0319976807,-0.666077318,-0.0667419434,-0.730759325,0.0423150084,-0.0819840991
5,101956,0.237524414,5.4435982,0.304650879,6.26977008,33.9672122,-31.9837043,0.601556396,-0.483985164,1.35802002,2.17783735,-19.351628,19.9840777,0.249938965,4.8614502,0.32409668,5.78430176,34.7827148,-32.6541138,0.637207031,0.266418457,1.4364624,2.99377441,-19.4265747,20.0747681,-0.0124145508,0.582148006,-0.0194458008,0.485468318,-0.815502662,0.670409456,-0.0356506348,-0.750403621,-0.0784423828,-0.815937068,0.0749466742,-0.0906903763
6,122310,0.234997559,5.56854645,0.301409912,6.38592927,33.7986867,-31.8396761,0.59515686,-0.661695256,1.343573,1.97180999,-19.343716,19.9671317,0.249938965,4.96856689,0.32409668,5.87768555,34.6948242,-32.6239014,0.637207031,0.151062012,1.43371582,2.8427124,-19.4128418,20.055542,-0.0149414063,0.599979558,-0.0226867676,0.508243718,-0.896137501,0.78422522,-0.0420501709,-0.812757268,-0.0901428223,-0.87090241,0.0691257725,-0.0884102896
7,142635,0.232470703,5.6934947,0.298168945,6.50208845,33.6302579,-31.6957061,0.588757324,-0.839405349,1.32912598,1.76578264,-19.3358044,19.9501857,0.249938965,5.09490967,0.32409668,5.99304199,34.6508789,-32.5469971,0.637207031,0.0466918945,1.43096924,2.71087646,-19.4018555,20.0390625,-0.0174682617,0.598585036,-0.0259277344,0.509046462,-1.02062097,0.851290995,-0.048449707,-0.886097243,-0.101843262,-0.945093826,0.0660510339,-0.0888767502
8,162945,0.229943848,5.81844296,0.294927979,6.61824764,33.4619245,-31.5517933,0.582357788,-1.01711544,1.31467896,1.55975529,-19.3278933,19.9332398,0.249938965,5.25695801,0.32409668,6.08093262,34.5629883,-32.4508667,0.637207031,-0.085144043,1.42272949,2.51861572,-19.3991089,20.0088501,-0.0199951172,0.561484948,-0.0291687012,0.537315026,-1.10106382,0.899073359,-0.0548492432,-0.931971398,-0.108050537,-0.958860437,0.0712156227,-0.075610267
9,183315,0.227416992,5.94339121,0.291687012,6.73440683,33.2936849,-31.4079372,0.575958252,-1.19482553,1.30023193,1.35372793,-19.3199825,19.9162939,0.249938965,5.43273926,0.321350098,6.2210083,34.4970703,-32.4234009,0.634460449,-0.236206055,1.41998291,2.22473145,-19.4046021,20.0363159,-0.0225219727,0.51065195,-0.0296630859,0.513398532,-1.20338537,1.01546369,-0.0585021973,-0.958619479,-0.119750977,-0.871003512,0.084619539,-0.120021974
10,203595,0.224890137,6.06833946,0.288446045,6.85056602,33.125538,-31.2641369,0.569558716,-1.37253563,1.28578491,1.14770058,-19.3120722,19.8993481,0.249938965,5.58105469,0.321350098,6.33087158,34.453125,-32.3849487,0.631713867,-0.395507812,1.41998291,1.88964844,-19.4046021,20.0582886,-0.0250488281,0.487284772,-0.0329040527,0.51969444,-1.32758697,1.12081186,-0.0621551514,-0.977027814,-0.134197998,-0.741947858,0.0925298728,-0.158940485
11,223939,0.222363281,6.19328771,0.285205078,6.96672521,32.9574824,-31.1203916,0.56315918,-1.55024572,1.27133789,0.941673227,-19.3041623,19.8824023,0.249938965,5.6854248,0.321350098,6.43249512,34.4091797,-32.2970581,0.620727539,-0.508117676,1.41174316,1.62322998,-19.4100952,19.9841309,-0.0275756836,0.507862906,-0.0361450195,0.534230094,-1.4516973,1.17666646,-0.0575683594,-1.04212804,-0.140405273,-0.681556754,0.105932952,-0.101728595
12,244327,0.219836426,6.31823596,0.281964111,7.0828844,32.7895167,-30.9767008,0.556759644,-1.72795581,1.25689087,0.735645873,-19.2962528,19.8654565,0.247192383,5.809021,0.321350098,6.49841309,34.3432617,-32.2146606,0.617980957,-0.664672852,1.39251709,1.40075684,-19.4018555,19.9841309,-0.027355957,0.509214966,-0.0393859863,0.584471314,-1.55374502,1.23795987,-0.0612213135,-1.06328296,-0.135626221,-0.665110963,0.105602704,-0.118674389
13,264837,0.21730957,6.44318421,0.278723145,7.19904359,32.6216396,-30.8330635,0.550360107,-1.9056659,1.24244385,0.52961852,-19.2883437,19.8485107,0.244445801,5.93536377,0.321350098,6.57806396,34.2993164,-32.1844482,0.620727539,-0.898132324,1.39251709,1.23596191,-19.4046021,20.0363159,-0.0271362305,0.507820445,-0.0426269531,0.620979624,-1.67767676,1.35138473,-0.0703674316,-1.00753358,-0.150073242,-0.706343394,0.116258366,-0.187805214
14,285145,0.214782715,6.56813247,0.275482178,7.31520278,32.4538499,-30.6894791,0.543960571,-2.083376,1.22799683,0.323591167,-19.280435,19.831565,0.241699219,6.06719971,0.315856934,6.66320801,34.2553711,-32.1185303,0.617980957,-1.1920166,1.39251709,1.05194092,-19.4046021,20.022583,-0.0269165039,0.500932759,-0.0403747559,0.65199477,-1.80152117,1.42905113,-0.0740203857,-0.891359394,-0.164520264,-0.728349751,0.124167027,-0.191018043
15,305419,0.212255859,6.69308072,0.272241211,7.43136197,32.2861462,-30.5459469,0.537561035,-2.26108609,1.2135498,0.117563814,-19.2725268,19.8146193,0.241699219,6.13861084,0.313110352,6.7401123,34.2251587,-32.0388794,0.601501465,-1.36505127,1.38702393,0.939331055,-19.4018555,20.0418091,-0.0294433594,0.554469878,-0.0408691406,0.691249663,-1.93901246,1.49293245,-0.0639404297,-0.896034819,-0.173474121,-0.821767241,0.12932869,-0.22718983
16,325840,0.209729004,6.81802897,0.269000244,7.54752116,32.1185273,-30.4024662,0.531161499,-2.43879618,1.19910278,-0.0884635393,-19.264619,19.7976736,0.241699219,6.17980957,0.326843262,6.8170166,34.1537476,-31.9894409,0.585021973,-1.56280518,1.37329102,0.898132324,-19.4458008,20.0115967,-0.0319702148,0.638219399,-0.0578430176,0.730504555,-2.03522027,1.58697474,-0.0538604736,-0.875991005,-0.174188232,-0.986595864,0.181181829,-0.213923115
17,346577,0.207202148,6.94297722,0.265759277,7.66368035,31.9509918,-30.2590361,0.524761963,-2.61650627,1.18465576,-0.294490893,-19.2567115,19.7807279,0.241699219,6.17980957,0.32409668,6.93786621,34.1455078,-31.9454956,0.582275391,-1.78253174,1.3760376,0.714111328,-19.352417,19.9978638,-0.0344970703,0.76316765,-0.0583374023,0.725814135,-2.19451598,1.68645946,-0.0575134277,-0.833974535,-0.191381836,-1.00860222,0.0957054497,-0.217135868
18,366983,0.204675293,7.06792547,0.262518311,7.77983953,31.7835386,-30.1156561,0.518362427,-2.79421637,1.17020874,-0.500518246,-19.2488045,19.7637823,0.236206055,6.21276855,0.32409668,7.10540771,33.5083008,-31.857605,0.579528809,-1.93908691,1.3760376,0.469665527,-19.4128418,20.0115967,-0.0315307617,0.855156918,-0.0615783691,0.67443182,-1.7247622,1.74194885,-0.0611663818,-0.855129452,-0.205828857,-0.970183773,0.164037247,-0.247814418
19,387499,0.202148438,7.19287372,0.259277344,7.89599872,31.6161663,-29.9723254,0.511962891,-2.97192646,1.15576172,-0.706545599,-19.240898,19.7468366,0.230712891,6.27868652,0.326843262,7.29766846,33.4423828,-31.791687,0.579528809,-2.11212158,1.36779785,0.131835938,-19.3991089,19.9978638,-0.0285644531,0.9141872,-0.067565918,0.598330267,-1.82621652,1.81936159,-0.067565918,-0.859804876,-0.212036133,-0.838381536,0.158210913,-0.251027125
20,407755,0.199621582,7.31782198,0.256036377,8.01215791,31.4488737,-29.8290433,0.505563354,-3.14963655,1.1413147,-0.912572952,-19.2329918,19.729891,0.227966309,6.35559082,0.32409668,7.44598389,33.3544922,-31.7724609,0.579528809,-2.18353271,1.36230469,-0.0988769531,-19.4100952,19.9978638,-0.0283447266,0.962231155,-0.0680603027,0.566174026,-1.90561848,1.94341761,-0.0739654541,-0.966103836,-0.22098999,-0.813695999,0.1771034,-0.267972721
21,428238,0.197094727,7.44277023,0.25279541,8.1283171,31.2816596,-29.6858091,0.499163818,-3.32734664,1.12686768,-1.11860031,-19.2250861,19.7129455,0.227966309,6.47644043,0.326843262,7.56408691,33.1347656,-31.7477417,0.579528809,-2.25494385,1.33483887,-0.318603516,-19.3798828,19.9923706,-0.030871582,0.966329797,-0.0740478516,0.564230188,-1.85310602,2.06193256,-0.0803649902,-1.0724028,-0.207971191,-0.79999679,0.15479674,-0.279425133
22,448673,0.194567871,7.56771848,0.249554443,8.24447629,31.1145227,-29.5426222,0.492764282,-3.50505674,1.11242065,-1.32462766,-19.2171807,19.6959999,0.227966309,6.64672852,0.326843262,7.68768311,32.8930664,-31.7724609,0.579528809,-2.36206055,1.32659912,-0.524597168,-19.385376,19.9868774,-0.0333984375,0.920989963,-0.0772888184,0.556793186,-1.77854366,2.22983877,-0.0867645264,-1.14299619,-0.214178467,-0.800030491,0.16819523,-0.290877526
23,469375,0.192041016,7.69266673,0.246313477,8.36063548,30.9474619,-29.3994817,0.486364746,-3.68276683,1.09797363,-1.53065501,-19.2092758,19.6790544,0.225219727,6.87469482,0.326843262,7.80578613,32.7392578,-31.6955566,0.571289062,-2.54333496,1.31286621,-0.766296387,-19.4018555,19.9731445,-0.0331787109,0.817971906,-0.0805297852,0.554849348,-1.79179589,2.29607492,-0.0849243164,-1.13943187,-0.214892578,-0.764358625,0.192579632,-0.294090155
24,489981,0.18951416,7.81761498,0.24307251,8.47679467,30.7804759,-29.2563871,0.47996521,-3.86047692,1.08352661,-1.73668236,-19.2013713,19.6621089,0.225219727,7.11639404,0.329589844,7.89916992,32.4645996,-31.5939331,0.56854248,-2.79602051,1.30737305,-0.914611816,-19.3908691,19.9841309,-0.0357055664,0.701220939,-0.086517334,0.577624748,-1.6841237,2.33754599,-0.0885772705,-1.06445641,-0.223846436,-0.822070548,0.189497797,-0.322022005
25,510391,0.186987305,7.94256323,0.239831543,8.59295386,30.6135635,-29.1133377,0.473565674,-4.03818701,1.06907959,-1.94270972,-19.1934673,19.6451633,0.225219727,7.35809326,0.326843262,8.01452637,32.1459961,-31.4730835,0.56854248,-3.07067871,1.30187988,-1.07116699,-19.3826294,19.9868774,-0.0382324219,0.584469972,-0.0870117188,0.578427491,-1.53243257,2.35974583,-0.0949768066,-0.967508302,-0.232800293,-0.871542726,0.189162129,-0.341714093
26,531002,0.184460449,8.06751149,0.236590576,8.70911305,30.4467236,-28.9703327,0.467166138,-4.21589711,1.05463257,-2.14873707,-19.1855636,19.6282179,0.222473145,7.53387451,0.31036377,8.10791016,32.0581055,-31.0968018,0.543823242,-3.27941895,1.28540039,-1.18652344,-19.4265747,19.9484253,-0.0380126953,0.533636974,-0.0737731934,0.601202892,-1.61138191,2.12646905,-0.0766571045,-0.93647816,-0.230767822,-0.962213634,0.241011104,-0.320207435
27,551637,0.181933594,8.19245974,0.233349609,8.82527224,30.2799548,-28.8273716,0.460766602,-4.3936072,1.04018555,-2.35476442,-19.1776604,19.6112724,0.225219727,7.63549805,0.313110352,8.22052002,31.9894409,-31.0665894,0.532836914,-3.46618652,1.27716064,-1.40625,-19.3743896,19.9758911,-0.0432861328,0.55696169,-0.0797607422,0.604752217,-1.70948609,2.23921781,-0.0720703125,-0.927420674,-0.236975098,-0.948514424,0.196729291,-0.364618733
28,572344,0.179406738,8.31740799,0.230108643,8.94143143,30.1132562,-28.6844535,0.454367065,-4.57131729,1.02573853,-2.56079178,-19.1697575,19.5943269,0.225219727,7.70141602,0.340576172,8.33862305,31.8548584,-30.8853149,0.52734375,-3.68591309,1.2689209,-1.72485352,-19.4046021,19.9649048,-0.0458129883,0.615991973,-0.110467529,0.602808379,-1.74160223,2.20086141,-0.0729766846,-0.885404204,-0.243182373,-0.835938262,0.234844525,-0.370577869
29,592958,0.176879883,8.44235624,0.226867676,9.05759062,29.9466264,-28.541578,0.447967529,-4.74902738,1.0112915,-2.76681913,-19.1618551,19.5773815,0.222473145,7.72888184,0.335083008,8.45672607,31.7477417,-30.5172729,0.530090332,-3.79577637,1.26617432,-1.95556641,-19.3359375,19.9731445,-0.0455932617,0.713474404,-0.108215332,0.600864541,-1.8011153,1.97569496,-0.0821228027,-0.953251016,-0.254882812,-0.811252725,0.17408239,-0.395763067
30,613332,0.174353027,8.56730449,0.223626709,9.1737498,29.7800644,-28.3987443,0.441567993,-4.92673748,0.996844482,-2.97284648,-19.1539531,19.560436,0.219726562,7.78106689,0.32409668,8.57757568,31.5966797,-30.4733276,0.530090332,-3.88916016,1.25244141,-2.1395874,-19.418335,19.9511719,-0.0453735352,0.786237597,-0.100469971,0.596174121,-1.81661532,2.07458337,-0.0885223389,-1.03757732,-0.255596924,-0.833259082,0.264381852,-0.390735853
31,633758,0.171826172,8.69225274,0.220385742,9.28990899,29.6135689,-28.2559517,0.435168457,-5.10444757,0.982397461,-3.17887384,-19.1460515,19.5434906,0.21697998,7.86895752,0.32409668,8.6517334,31.5307617,-30.3387451,0.530090332,-3.96057129,1.23596191,-2.32086182,-19.3826294,19.9539185,-0.0451538086,0.823295224,-0.103710938,0.638175595,-1.91719279,2.08279343,-0.094921875,-1.14387628,-0.253564453,-0.858012021,0.236577871,-0.410427866
32,654235,0.169299316,8.817201,0.217144775,9.40606818,29.4471389,-28.1131996,0.428768921,-5.28215766,0.967950439,-3.38490119,-19.1381504,19.5265452,0.21697998,7.98980713,0.321350098,8.73687744,31.2918091,-30.3387451,0.52734375,-4.08691406,1.222229,-2.51037598,-19.4100952,19.9484253,-0.0476806641,0.827393866,-0.104205322,0.669190741,-1.84467016,2.2255455,-0.0985748291,-1.1952436,-0.254278564,-0.874525214,0.271944863,-0.421880125
33,674566,0.166772461,8.94214925,0.213903809,9.52222737,29.2807732,-27.9704874,0.422369385,-5.45986775,0.953503418,-3.59092854,-19.1302496,19.5095998,0.21697998,8.10791016,0.318603516,8.81378174,31.0693359,-30.2096558,0.516357422,-4.21051025,1.21124268,-2.64221191,-19.3606567,19.9401855,-0.0502075195,0.83423909,-0.104699707,0.708445633,-1.78856272,2.23916837,-0.0939880371,-1.2493575,-0.257739258,-0.948716629,0.230407143,-0.430585795
34,695046,0.164245605,9.0670975,0.210662842,9.63838656,29.1144707,-27.8278144,0.415969849,-5.63757784,0.939056396,-3.7969559,-19.1223493,19.4926543,0.21697998,8.25897217,0.340576172,8.90991211,30.687561,-30.1217651,0.51361084,-4.402771,1.20025635,-2.82623291,-19.3826294,19.9511719,-0.052734375,0.80812533,-0.12991333,0.728474451,-1.57309035,2.29395076,-0.0976409912,-1.23480685,-0.261199951,-0.970722987,0.260280141,-0.458517531
35,715450,0.16171875,9.19204575,0.207421875,9.75454575,28.9482302,-27.6851799,0.409570313,-5.81528794,0.924609375,-4.00298325,-19.1144493,19.4757089,0.21697998,8.3770752,0.332336426,9.02526855,30.5914307,-30.0119019,0.510864258,-4.68017578,1.1920166,-3.02947998,-19.4293213,19.9484253,-0.0552612305,0.814970555,-0.124914551,0.729277195,-1.64320046,2.32672194,-0.101293945,-1.13511216,-0.267407227,-0.973503269,0.314871964,-0.472716353
36,735967,0.159191895,9.316994,0.204180908,9.87070494,28.7820507,-27.5425834,0.403170776,-5.99299803,0.910162354,-4.2090106,-19.1065498,19.4587635,0.214233398,8.51715088,0.31036377,9.13787842,30.3689575,-29.7207642,0.510864258,-4.99053955,1.18103027,-3.31237793,-19.352417,19.9154663,-0.0550415039,0.799843123,-0.106182861,0.732826521,-1.58690685,2.17818078,-0.107693481,-1.00245848,-0.27086792,-0.896632673,0.245867181,-0.456702767
37,756536,0.156665039,9.44194225,0.200939941,9.98686413,28.615931,-27.4000241,0.39677124,-6.17070812,0.895715332,-4.41503796,-19.0986507,19.4418181,0.211486816,8.63250732,0.304870605,9.31091309,30.3222656,-29.616394,0.477905273,-5.2432251,1.15905762,-3.62548828,-19.2974854,19.9264526,-0.0548217773,0.809434929,-0.103930664,0.675951042,-1.70633467,2.21636992,-0.0811340332,-0.927483025,-0.263342285,-0.789549675,0.19883464,-0.48463449
38,777068,0.154138184,9.5668905,0.197698975,10.1030233,28.44987,-27.2575015,0.390371704,-6.34841821,0.881268311,-4.62106531,-19.090752,19.4248728,0.211486816,8.75061035,0.326843262,9.4921875,30.1025391,-29.3829346,0.472412109,-5.43273926,1.15356445,-3.7902832,-19.3579102,19.9319458,-0.0573486328,0.816280153,-0.129144287,0.610835817,-1.6526691,2.12543304,-0.0820404053,-0.915678957,-0.272296143,-0.830782106,0.267158131,-0.507073046
39,797655,0.151611328,9.69183876,0.194458008,10.2191825,28.2838666,-27.115015,0.383972168,-6.52612831,0.866821289,-4.82709266,-19.0828538,19.4079274,0.211486816,8.88244629,0.32409668,9.64050293,29.9926758,-29.1357422,0.469665527,-5.55358887,1.15356445,-3.91387939,-19.3579102,19.9154663,-0.0598754883,0.809392467,-0.129638672,0.578679577,-1.70880916,2.02072724,-0.0856933594,-0.97253944,-0.286743164,-0.913213268,0.275056404,-0.507538945
40,817954,0.149084473,9.81678701,0.191217041,10.3353417,28.1179198,-26.9725638,0.377572632,-6.7038384,0.852374268,-5.03312002,-19.0749559,19.390982,0.208740234,9.03625488,0.318603516,9.80529785,29.8883057,-29.0643311,0.458679199,-5.66619873,1.12884521,-4.06219482,-19.3139648,19.9099731,-0.0596557617,0.780532125,-0.127386475,0.530043844,-1.77038585,2.09176728,-0.0811065674,-1.03763967,-0.276470947,-0.970925192,0.239008951,-0.518991172
41,838505,0.146557617,9.94173526,0.187976074,10.4515009,27.9520285,-26.8301474,0.371173096,-6.88154849,0.837927246,-5.23914737,-19.0670584,19.3740366,0.197753906,9.19281006,0.315856934,9.92614746,29.7509766,-28.9434814,0.453186035,-5.77331543,1.10687256,-4.25720215,-19.3606567,19.9099731,-0.0511962891,0.748925201,-0.127880859,0.525353424,-1.79894808,2.11333407,-0.0820129395,-1.10823306,-0.268945312,-0.981945221,0.293598291,-0.535936563
42,859140,0.144030762,10.0666835,0.184735107,10.5676601,27.7861915,-26.6877651,0.36477356,-7.05925858,0.823480225,-5.44517472,-19.0591614,19.3570912,0.197753906,9.34936523,0.313110352,10.0332642,29.6575928,-28.8034058,0.433959961,-5.8694458,1.09863281,-4.44396973,-19.352417,19.8413086,-0.0537231445,0.717318277,-0.128375244,0.534395914,-1.87140123,2.11564064,-0.0691864014,-1.18981278,-0.275152588,-1.001205,0.293255578,-0.484217405
43,879709,0.141503906,10.1916318,0.181494141,10.6838193,27.6204079,-26.5454164,0.358374023,-7.23696868,0.809033203,-5.65120208,-19.0512648,19.3401458,0.197753906,9.47021484,0.31036377,10.0909424,29.4763184,-28.7374878,0.414733887,-5.96832275,1.08215332,-4.6005249,-19.3579102,19.8577881,-0.05625,0.721416919,-0.128869629,0.59287688,-1.85591042,2.19207137,-0.0563598633,-1.26864592,-0.273120117,-1.05067717,0.306645363,-0.517642292
44,900293,0.138977051,10.31658,0.178253174,10.7999785,27.4546766,-26.4031006,0.351974487,-7.41467877,0.794586182,-5.85722943,-19.0433686,19.3232004,0.195007324,9.58557129,0.304870605,10.1651001,29.0286255,-28.6633301,0.398254395,-6.10015869,1.07940674,-4.79827881,-19.3359375,19.8440552,-0.0560302734,0.731008725,-0.126617432,0.634878354,-1.5739489,2.26022943,-0.0462799072,-1.31452008,-0.284820557,-1.05895062,0.292568914,-0.520854781
45,920652,0.136450195,10.4415283,0.175012207,10.9161376,27.2889965,-26.2608172,0.345574951,-7.59238886,0.78013916,-6.06325678,-19.0354728,19.306255,0.192260742,9.68444824,0.293884277,10.2474976,28.9379883,-28.5836792,0.37902832,-6.30615234,1.06842041,-5.05096436,-19.3606567,19.8522949,-0.0558105469,0.757080024,-0.11887207,0.668640083,-1.64899182,2.32286201,-0.0334533691,-1.28623652,-0.28828125,-1.01229243,0.325183947,-0.546039931
46,941188,0.13392334,10.5664765,0.17177124,11.0322968,27.1233665,-26.1185654,0.339175415,-7.77009895,0.765692139,-6.26928413,-19.0275774,19.2893096,0.181274414,9.77233887,0.291137695,10.3436279,28.8198853,-28.4133911,0.354309082,-6.61376953,1.04919434,-5.48492432,-19.3441772,19.8303223,-0.0473510742,0.794137651,-0.119366455,0.688668901,-1.69651876,2.29482567,-0.015133667,-1.15632942,-0.283502197,-0.784359819,0.316599837,-0.541012685
47,961756,0.131396484,10.6914248,0.168530273,11.148456,26.9577857,-25.9763448,0.332775879,-7.94780905,0.751245117,-6.47531149,-19.0196824,19.2723642,0.178527832,9.82727051,0.288391113,10.4342651,28.762207,-28.1634521,0.348815918,-6.87744141,1.0244751,-5.76507568,-19.3716431,19.8275757,-0.0471313477,0.864154262,-0.11986084,0.714190883,-1.80442137,2.18710734,-0.0160400391,-1.07036764,-0.27322998,-0.710235805,0.351960628,-0.555211519
48,982482,0.128869629,10.816373,0.165289307,11.2646152,26.7922529,-25.8341547,0.326376343,-8.12551914,0.736798096,-6.68133884,-19.0117879,19.2554187,0.178527832,9.90966797,0.288391113,10.5633545,28.6633301,-27.9684448,0.329589844,-7.04498291,0.991516113,-5.84747314,-19.3112183,19.8193359,-0.0496582031,0.906705052,-0.123101807,0.701260716,-1.87107718,2.13429013,-0.00321350098,-1.08053623,-0.254718018,-0.833865697,0.299430381,-0.563917197
49,1003082,0.126342773,10.9413213,0.16204834,11.3807744,26.6267672,-25.6919945,0.319976807,-8.30322923,0.722351074,-6.88736619,-19.0038937,19.2384733,0.173034668,10.0003052,0.285644531,10.6951904,28.5177612,-27.7487183,0.318603516,-7.19329834,0.972290039,-5.93536377,-19.3386841,19.8248291,-0.0466918945,0.941016097,-0.123596191,0.685583968,-1.89099403,2.05672378,0.00137329102,-1.10993089,-0.249938965,-0.952002425,0.334790348,-0.586355794
50,1023553,0.123815918,11.0662695,0.158807373,11.4969336,26.4613275,-25.5498636,0.313577271,-8.48093932,0.707904053,-7.09339355,-18.996,19.2215279,0.173034668,10.0772095,0.285644531,10.8352661,28.2980347,-27.6800537,0.288391113,-7.34436035,0.944824219,-6.06445312,-19.3441772,19.8001099,-0.04921875,0.989060052,-0.126837158,0.661667474,-1.83670713,2.13019012,0.0251861572,-1.13657897,-0.236920166,-1.02894042,0.348177246,-0.578581999
51,1044195,0.121289062,11.1912178,0.155566406,11.6130928,26.2959329,-25.4077614,0.307177734,-8.65864942,0.693457031,-7.2994209,-18.9881067,19.2045824,0.173034668,10.1541138,0.282897949,10.9506226,28.1689453,-27.5537109,0.282897949,-7.50091553,0.939331055,-6.21276855,-19.2700195,19.7973633,-0.0517456055,1.03710401,-0.127331543,0.662470217,-1.87301242,2.14594951,0.0242797852,-1.15773389,-0.245874023,-1.08665235,0.281912854,-0.592780871
52,1064755,0.118762207,11.316166,0.152325439,11.729252,26.1305822,-25.2656874,0.300778198,-8.83635951,0.67901001,-7.50544825,-18.9802138,19.1876369,0.173034668,10.2612305,0.277404785,11.0961914,28.125,-27.4411011,0.277404785,-7.62176514,0.928344727,-6.38305664,-19.319458,19.7973633,-0.0542724609,1.05493556,-0.125079346,0.633060559,-1.99441776,2.17541366,0.0233734131,-1.21459437,-0.249334717,-1.12239161,0.339244242,-0.609726337
53,1085454,0.116235352,11.4411143,0.149084473,11.8454112,25.9652746,-25.1236409,0.294378662,-9.0140696,0.664562988,-7.71147561,-18.9723213,19.1706915,0.170288086,10.4150391,0.271911621,11.25,27.9849243,-27.3092651,0.277404785,-7.75634766,0.898132324,-6.59454346,-19.3386841,19.8220825,-0.0540527344,1.02607522,-0.122827148,0.595411154,-2.01964973,2.18562419,0.016973877,-1.25772195,-0.233569336,-1.11693215,0.366362817,-0.651391054
54,1106152,0.113708496,11.5660625,0.145843506,11.9615703,25.8000089,-24.9816215,0.287979126,-9.19177969,0.650115967,-7.91750296,-18.9644292,19.153746,0.167541504,10.5880737,0.269165039,11.4285278,27.487793,-27.2735596,0.263671875,-7.89642334,0.87890625,-6.80877686,-19.3359375,19.7781372,-0.0538330078,0.9779888,-0.123321533,0.533042511,-1.68778404,2.29193812,0.024307251,-1.29535635,-0.228790283,-1.10872611,0.371508324,-0.624391235
55,1126812,0.111181641,11.6910108,0.142602539,12.0777295,25.6347843,-24.8396284,0.28157959,-9.36948979,0.635668945,-8.12353031,-18.9565375,19.1368005,0.167541504,10.7995605,0.266418457,11.5493774,27.4658203,-27.1856689,0.241699219,-8.11065674,0.873413086,-7.15759277,-19.3359375,19.7616577,-0.0563598633,0.891450236,-0.123815918,0.528352091,-1.83103605,2.34604059,0.0398803711,-1.25883305,-0.237744141,-0.96593754,0.379400003,-0.624857251
56,1147801,0.108654785,11.815959,0.139361572,12.1938887,25.4695996,-24.6976611,0.275180054,-9.54719988,0.621221924,-8.32955767,-18.9486462,19.1198549,0.164794922,11.0028076,0.260925293,11.6867065,27.3120117,-27.1334839,0.233459473,-8.39080811,0.859680176,-7.4899292,-19.2727661,19.7781372,-0.0561401367,0.813151417,-0.121563721,0.507182179,-1.84241212,2.43582281,0.0417205811,-1.15639177,-0.238458252,-0.839628468,0.324119883,-0.658282267
57,1168346,0.10612793,11.9409073,0.136120605,12.3100479,25.304454,-24.555719,0.268780518,-9.72490997,0.606774902,-8.53558502,-18.9407554,19.1029094,0.164794922,11.1621094,0.255432129,11.7718506,27.2680664,-26.9906616,0.222473145,-8.6050415,0.856933594,-7.71789551,-19.3139648,19.7589111,-0.0586669922,0.778797911,-0.119311523,0.538197325,-1.96361245,2.43494259,0.046307373,-1.11986847,-0.250158691,-0.817689512,0.373209471,-0.656001734
58,1189150,0.103601074,12.0658555,0.132879639,12.4262071,25.1393463,-24.4138017,0.262380981,-9.90262006,0.592327881,-8.74161237,-18.9328649,19.0859638,0.164794922,11.2857056,0.247192383,11.835022,27.1582031,-26.803894,0.211486816,-8.78082275,0.85144043,-7.87445068,-19.319458,19.7314453,-0.0611938477,0.780149971,-0.114312744,0.591185127,-2.01885678,2.39009238,0.050894165,-1.12179731,-0.259112549,-0.86716169,0.386593082,-0.645481473
59,1209707,0.101074219,12.1908038,0.129638672,12.5423663,24.9742758,-24.2719084,0.255981445,-10.0803302,0.577880859,-8.94763973,-18.9249749,19.0690183,0.16204834,11.3818359,0.244445801,11.9091797,26.9796753,-26.5841675,0.200500488,-8.90167236,0.845947266,-7.95135498,-19.3167114,19.7561646,-0.0609741211,0.808967851,-0.114807129,0.633186601,-2.00539949,2.31225908,0.055480957,-1.17865779,-0.268066406,-0.996284746,0.391736536,-0.68714629
60,1230521,0.0985473633,12.315752,0.126397705,12.6585255,24.8092413,-24.1300387,0.249581909,-10.2580402,0.563433838,-9.15366708,-18.9170853,19.0520727,0.16204834,11.4532471,0.244445801,12.0025635,26.784668,-26.232605,0.200500488,-9.04449463,0.83770752,-8.09417725,-19.3551636,19.7506714,-0.0635009766,0.86250497,-0.118048096,0.655962001,-1.97542662,2.10256631,0.0490814209,-1.21354562,-0.274273682,-1.05948983,0.438078311,-0.698598725
61,1251221,0.0960205078,12.4407003,0.123156738,12.7746847,24.644242,-23.9881919,0.243182373,-10.4357503,0.548986816,-9.35969443,-18.909196,19.035127,0.164794922,11.499939,0.244445801,12.1096802,26.6748047,-26.1447144,0.170288086,-9.20379639,0.812988281,-8.24523926,-19.2480469,19.7369385,-0.0687744141,0.940761327,-0.121289063,0.665004491,-2.03056267,2.15652244,0.0728942871,-1.23195395,-0.264001465,-1.11445517,0.338850828,-0.701811435
62,1271651,0.0934936523,12.5656485,0.119915771,12.8908439,24.4792768,-23.8463676,0.236782837,-10.6134604,0.534539795,-9.56572179,-18.9013072,19.0181814,0.16204834,11.5576172,0.244445801,12.2277832,26.3891602,-25.9963989,0.156555176,-9.36035156,0.807495117,-8.41552734,-19.3441772,19.7341919,-0.0685546875,1.00803136,-0.124530029,0.663060653,-1.90988332,2.15003135,0.0802276611,-1.25310887,-0.272955322,-1.15019444,0.442870006,-0.716010495
63,1292706,0.0909667969,12.6905968,0.116674805,13.007003,24.3143449,-23.7045651,0.230383301,-10.7911705,0.520092773,-9.77174914,-18.8934188,19.0012357,0.16204834,11.6207886,0.244445801,12.3760986,26.3150024,-25.9469604,0.153808594,-9.50866699,0.802001953,-8.67370605,-19.3139648,19.7094727,-0.071081543,1.06980822,-0.127770996,0.630904413,-2.00065757,2.24239536,0.076574707,-1.28250353,-0.28190918,-1.09804308,0.420546001,-0.708236922
64,1313303,0.0884399414,12.815545,0.113433838,13.1231622,24.1494452,-23.5627839,0.223983765,-10.9688806,0.505645752,-9.97777649,-18.8855309,18.98429,0.16204834,11.7169189,0.244445801,12.505188,26.0183716,-25.8810425,0.14831543,-9.67895508,0.788269043,-9.0335083,-19.3057251,19.7094727,-0.0736083984,1.0986261,-0.131011963,0.617974246,-1.86892642,2.31825858,0.075668335,-1.28992554,-0.282623291,-0.944268192,0.420194242,-0.725182612
65,1333847,0.0859130859,12.9404933,0.110192871,13.2393214,23.9845767,-23.4210235,0.217584229,-11.1465907,0.49119873,-10.1838038,-18.8776433,18.9673443,0.16204834,11.8377686,0.241699219,12.6425171,25.9442139,-25.8123779,0.140075684,-9.84375,0.782775879,-9.29443359,-19.2727661,19.7094727,-0.0761352539,1.10272474,-0.131506348,0.596804334,-1.95963712,2.39135447,0.0775085449,-1.30284071,-0.291577148,-0.889370252,0.395122836,-0.742128328
66,1354427,0.0833862305,13.0654416,0.106951904,13.3554806,23.8197387,-23.2792832,0.211184692,-11.3243008,0.476751709,-10.3898312,-18.8697561,18.9503986,0.16204834,11.9503784,0.230712891,12.741394,25.8837891,-25.7025146,0.137329102,-10.0469971,0.760803223,-9.5223999,-19.2837524,19.7122192,-0.0786621094,1.11506313,-0.123760986,0.61408657,-2.06405037,2.42323144,0.0738555908,-1.27730373,-0.284051514,-0.867431296,0.413996334,-0.761820652
67,1374658,0.080859375,13.1903898,0.103710937,13.4716398,23.6549301,-23.1375626,0.204785156,-11.5020109,0.462304687,-10.5958586,-18.8618693,18.9334528,0.16204834,12.1096802,0.227966309,12.840271,25.6860352,-25.5514526,0.118103027,-10.2722168,0.74432373,-9.79980469,-19.319458,19.7067261,-0.0811889648,1.08070963,-0.124255371,0.631368806,-2.03110509,2.41389003,0.0866821289,-1.2297941,-0.282019043,-0.796053864,0.457588661,-0.773273257
68,1394891,0.0783325195,13.3153381,0.100469971,13.587799,23.4901499,-22.9958611,0.19838562,-11.679721,0.447857666,-10.8018859,-18.853983,18.916507,0.159301758,12.3129272,0.225219727,12.9693604,25.4333496,-25.3262329,0.112609863,-10.4782104,0.736083984,-9.9041748,-19.2700195,19.7122192,-0.0809692383,1.00241081,-0.124749756,0.618438639,-1.94319968,2.33037181,0.0857757568,-1.20151054,-0.288226318,-0.8977111,0.416036536,-0.795712219
69,1415331,0.0758056641,13.4402863,0.0972290039,13.7039582,23.3253973,-22.8541782,0.191986084,-11.8574311,0.433410645,-11.0079133,-18.8460971,18.8995612,0.16204834,12.538147,0.222473145,13.0984497,25.3536987,-25.1998901,0.109863281,-10.6567383,0.73059082,-9.9508667,-19.3167114,19.6710205,-0.0862426758,0.902139333,-0.125244141,0.605508473,-2.02830139,2.34571198,0.0821228027,-1.2006928,-0.297180176,-1.05704656,0.470614374,-0.771459315
70,1435991,0.0732788086,13.5652346,0.0939880371,13.8201174,23.1606714,-22.7125132,0.185586548,-12.0351412,0.418963623,-11.2139406,-18.8382115,18.8826153,0.16204834,12.7304077,0.205993652,13.208313,25.0378418,-24.8098755,0.087890625,-10.8462524,0.708618164,-10.0744629,-19.2892456,19.6655273,-0.0887695312,0.834826842,-0.112005615,0.611804381,-1.87717042,2.09736227,0.0976959229,-1.18888873,-0.289654541,-1.13947772,0.451034088,-0.782912009
71,1456366,0.0707519531,13.6901828,0.0907470703,13.9362766,22.9959711,-22.5708658,0.179187012,-12.2128513,0.404516602,-11.419968,-18.8303264,18.8656694,0.16204834,12.87323,0.208740234,13.3511353,24.8757935,-24.7357178,0.0823974609,-11.0165405,0.697631836,-10.2474976,-19.2974854,19.6655273,-0.0912963867,0.816952828,-0.117993164,0.585141305,-1.87982233,2.16485201,0.0967895508,-1.19631074,-0.293115234,-1.17247041,0.467158961,-0.799857898
72,1476726,0.0682250977,13.8151311,0.0875061035,14.0524357,22.8312957,-22.4292352,0.172787476,-12.3905614,0.39006958,-11.6259953,-18.8224417,18.8487235,0.159301758,12.9638672,0.208740234,13.4829712,24.609375,-24.5846558,0.0823974609,-11.151123,0.686645508,-10.4727173,-19.3057251,19.6655273,-0.0910766602,0.851263873,-0.121234131,0.569464556,-1.77807933,2.15542052,0.0903900146,-1.23943831,-0.296575928,-1.15327803,0.483283426,-0.81680382
73,1497047,0.0656982422,13.9400793,0.0842651367,14.1685949,22.6666441,-22.2876211,0.166387939,-12.5682715,0.375622559,-11.8320227,-18.8145574,18.8317776,0.159301758,13.0270386,0.208740234,13.6203003,24.5352173,-24.5626831,0.0823974609,-11.3049316,0.667419434,-10.8764648,-19.2919922,19.6463013,-0.0936035156,0.913040737,-0.124475098,0.548294644,-1.86857321,2.27506199,0.0839904785,-1.26333981,-0.291796875,-0.955557827,0.477434826,-0.814523702
74,1517402,0.0631713867,14.0650276,0.0810241699,14.2847541,22.5020154,-22.1460229,0.159988403,-12.7459815,0.361175537,-12.03805,-18.8066735,18.8148316,0.159301758,13.0682373,0.197753906,13.7054443,24.4775391,-24.4720459,0.0796508789,-11.4175415,0.650939941,-11.1428833,-19.3002319,19.6655273,-0.0961303711,0.996790259,-0.116729736,0.57930979,-1.97552361,2.32602303,0.0803375244,-1.32844004,-0.289764404,-0.895166723,0.493558475,-0.850695766
75,1537786,0.0606445312,14.1899758,0.0777832031,14.4009133,22.3374089,-22.00444,0.153588867,-12.9236916,0.346728516,-12.2440774,-18.79879,18.7978856,0.159301758,13.1314087,0.197753906,13.8098145,24.2990112,-24.3841553,0.0796508789,-11.5054321,0.637207031,-11.3269043,-19.2947388,19.6435547,-0.0986572266,1.05856712,-0.119970703,0.591098862,-1.96160235,2.37971531,0.0739379883,-1.41825951,-0.290478516,-0.917173081,0.495948806,-0.845669136
76,1558259,0.0581176758,14.3149241,0.0745422363,14.5170725,22.1728235,-21.8628719,0.147189331,-13.1014017,0.332281494,-12.4501047,-18.7909069,18.7809395,0.159301758,13.2550049,0.195007324,13.8977051,24.0847778,-24.2990112,0.0796508789,-11.6125488,0.596008301,-11.5466309,-19.3057251,19.6463013,-0.101184082,1.05991918,-0.120465088,0.619367426,-1.91195438,2.43613936,0.0675384521,-1.4888529,-0.263726807,-0.903473871,0.514818222,-0.86536178
77,1578607,0.0555908203,14.4398723,0.0713012695,14.6332317,22.0082583,-21.7213181,0.140789795,-13.2791118,0.317834473,-12.6561321,-18.7830242,18.7639934,0.159301758,13.3621216,0.195007324,13.9553833,23.8842773,-24.1452026,0.0769042969,-11.7581177,0.574035645,-11.7388916,-19.3359375,19.6270752,-0.103710938,1.07775074,-0.123706055,0.677848392,-1.87601906,2.42388458,0.063885498,-1.52099414,-0.256201172,-0.917240482,0.552913305,-0.863081806
78,1599260,0.0530639648,14.5648206,0.0680603027,14.7493909,21.8437125,-21.579778,0.134390259,-13.4568219,0.303387451,-12.8621594,-18.7751419,18.7470473,0.159301758,13.510437,0.195007324,14.0460205,23.8156128,-23.8375854,0.0686645508,-12.019043,0.546569824,-11.9503784,-19.3084717,19.5996094,-0.106237793,1.05438356,-0.126947021,0.703370374,-1.97190032,2.25780744,0.065725708,-1.43777894,-0.243182373,-0.911781019,0.533329758,-0.852562125
79,1619632,0.0505371094,14.6897688,0.0648193359,14.8655501,21.6791851,-21.4382512,0.127990723,-13.634532,0.28894043,-13.0681868,-18.7672601,18.7301011,0.159301758,13.6340332,0.192260742,14.1503906,23.2141113,-23.7661743,0.0686645508,-12.2772217,0.524597168,-12.0904541,-19.2919922,19.6270752,-0.108764648,1.05573562,-0.127441406,0.715159446,-1.53492621,2.32792311,0.0593261719,-1.35731033,-0.235656738,-0.977732689,0.524732133,-0.896974124
80,1640308,0.0480102539,14.8147171,0.0615783691,14.9817093,21.5146753,-21.2967371,0.121591187,-13.8122421,0.274493408,-13.2742141,-18.7593786,18.7131549,0.156555176,13.7466431,0.186767578,14.2684937,23.137207,-23.5079956,0.0686645508,-12.4777222,0.51361084,-12.1948242,-19.2947388,19.5913696,-0.108544922,1.06807401,-0.125189209,0.713215608,-1.62253169,2.21125849,0.0529266357,-1.33451993,-0.239117432,-1.07938992,0.535360175,-0.878214777
81,1660648,0.0454833984,14.9396653,0.0583374023,15.0978684,21.3501822,-21.1552352,0.11519165,-13.9899522,0.260046387,-13.4802415,-18.7514975,18.6962086,0.156555176,13.8317871,0.178527832,14.4168091,23.0685425,-23.1976318,0.0631713867,-12.6782227,0.483398437,-12.43927,-19.3002319,19.5776367,-0.111071777,1.10787822,-0.12019043,0.681059368,-1.71836024,2.04239661,0.0520202637,-1.31172953,-0.223352051,-1.04097148,0.548734392,-0.881428128
82,1681015,0.042956543,15.0646136,0.0550964355,15.2140276,21.185705,-21.013745,0.108792114,-14.1676623,0.245599365,-13.6862688,-18.7436169,18.6792623,0.159301758,13.8977051,0.178527832,14.5870972,23.0053711,-23.1784058,0.0604248047,-12.9116821,0.439453125,-12.7523804,-19.2892456,19.5913696,-0.116345215,1.1669085,-0.123431396,0.626930471,-1.81966614,2.16466075,0.0483673096,-1.25598015,-0.19385376,-0.933888479,0.545628711,-0.912107343
83,1701457,0.0404296875,15.1895618,0.0518554688,15.3301868,21.0212426,-20.872266,0.102392578,-14.3453724,0.231152344,-13.8922962,-18.7357367,18.6623159,0.159301758,13.9801025,0.178527832,14.7271729,22.8515625,-23.0905151,0.0576782227,-13.0380249,0.398254395,-12.9721069,-19.2755127,19.5776367,-0.11887207,1.20945929,-0.126672363,0.603013976,-1.83031992,2.21824915,0.0447143555,-1.30734747,-0.167102051,-0.920189269,0.539776041,-0.915320781
84,1722164,0.037902832,15.3145101,0.048614502,15.446346,20.8567943,-20.7307976,0.095993042,-14.5230825,0.216705322,-14.0983236,-18.7278568,18.6453695,0.159301758,14.1119385,0.178527832,14.8809814,22.7362061,-23.0245972,0.0576782227,-13.1533813,0.357055664,-13.1396484,-19.2947388,19.5776367,-0.121398926,1.2025716,-0.12991333,0.565364572,-1.87941179,2.29379956,0.0383148193,-1.36970112,-0.140350342,-0.958675119,0.56688195,-0.932267174
85,1742490,0.0353759766,15.4394583,0.0453735352,15.5625052,20.6923591,-20.5893394,0.0895935059,-14.7007926,0.202258301,-14.3043509,-18.7199774,18.6284231,0.156555176,14.2987061,0.178527832,15.0320435,22.5878906,-23.0026245,0.0549316406,-13.260498,0.33782959,-13.3044434,-19.2315674,19.5803833,-0.121179199,1.14075228,-0.133154297,0.530461749,-1.89553151,2.41328514,0.0346618652,-1.44029451,-0.135571289,-0.99990755,0.511589992,-0.951960195
86,1762938,0.0328491211,15.5644066,0.0421325684,15.6786644,20.5279363,-20.4478908,0.0831939697,-14.8785027,0.187811279,-14.5103783,-18.7120984,18.6114766,0.156555176,14.5184326,0.178527832,15.1831055,22.2528076,-22.9367065,0.0549316406,-13.3813477,0.280151367,-13.5214233,-19.3386841,19.5556641,-0.123706055,1.04597397,-0.136395264,0.495558927,-1.72487135,2.48881576,0.0282623291,-1.497155,-0.0923400879,-0.988954923,0.626585714,-0.944187442
87,1783256,0.0303222656,15.6893548,0.0388916016,15.7948236,20.3635249,-20.3064513,0.0767944336,-15.0562127,0.173364258,-14.7164056,-18.7042198,18.5945301,0.156555176,14.7134399,0.170288086,15.2600098,22.1841431,-22.8707886,0.0384521484,-13.5159302,0.211486816,-13.6917114,-19.2453003,19.5474243,-0.12623291,0.975914893,-0.131396484,0.534813819,-1.82061821,2.56433725,0.0383422852,-1.54028257,-0.0381225586,-1.02469419,0.541080542,-0.95289423
88,1803711,0.0277954102,15.8143031,0.0356506348,15.9109828,20.199124,-20.1650205,0.0703948975,-15.2339228,0.158917236,-14.922433,-18.6963415,18.5775835,0.156555176,14.8672485,0.164794922,15.3314209,21.8188477,-22.7334595,0.0302124023,-13.6999512,0.118103027,-13.8757324,-19.3414307,19.5584106,-0.128759766,0.947054551,-0.129144287,0.579561875,-1.61972365,2.56843898,0.0401824951,-1.53397167,0.040814209,-1.04670055,0.645089125,-0.980827141
89,1823995,0.0252685547,15.9392513,0.032409668,16.027142,20.0347329,-20.0235978,0.0639953613,-15.4116329,0.144470215,-15.1284603,-18.6884637,18.5606369,0.153808594,14.9798584,0.164794922,15.3945923,21.6732788,-22.28302,0.0247192383,-13.9389038,0.0659179688,-14.0872192,-19.3002319,19.5584106,-0.128540039,0.959392939,-0.132385254,0.632549678,-1.63854594,2.25942224,0.039276123,-1.47272912,0.0785522461,-1.04124108,0.611768202,-0.997773774
90,1844312,0.0227416992,16.0641996,0.0291687012,16.1433012,19.8703506,-19.8821827,0.0575958252,-15.589343,0.130023193,-15.3344877,-18.6805863,18.5436902,0.151062012,15.0430298,0.153808594,15.4797363,21.4453125,-22.1896362,0.0164794922,-14.1778564,0.0302124023,-14.331665,-19.2700195,19.5227051,-0.128320313,1.0211698,-0.124639893,0.663564824,-1.57496192,2.30745354,0.041116333,-1.41148658,0.099810791,-1.00282264,0.589433201,-0.979014892
91,1864679,0.0202148437,16.1891478,0.0259277344,16.2594603,19.7059763,-19.7407747,0.0511962891,-15.7670531,0.115576172,-15.540515,-18.6727093,18.5267434,0.151062012,15.0759888,0.14831543,15.5923462,21.4233398,-21.947937,0.0164794922,-14.3920898,-0.00274658203,-14.6447754,-19.2727661,19.5144653,-0.130847168,1.11315907,-0.122387695,0.66711415,-1.71736356,2.20716228,0.0347167969,-1.37496327,0.118322754,-0.895739638,0.600056779,-0.987721882
92,1885006,0.0176879883,16.3140961,0.0226867676,16.3756195,19.5416091,-19.5993734,0.0447967529,-15.9447632,0.10112915,-15.7465424,-18.6648327,18.5097967,0.151062012,15.100708,0.14831543,15.718689,21.2695312,-21.7089844,0.0109863281,-14.5541382,-0.0604248047,-14.798584,-19.2755127,19.4924927,-0.133374023,1.21338808,-0.125628662,0.656930565,-1.72792213,2.10961099,0.0338104248,-1.39062502,0.161553955,-0.947958397,0.610679953,-0.982696015
93,1905338,0.0151611328,16.4390443,0.0194458008,16.4917787,19.3772482,-19.4579782,0.0383972168,-16.1224733,0.0866821289,-15.9525697,-18.6569566,18.4928498,0.14831543,15.1528931,0.151062012,15.8175659,21.1816406,-21.6595459,0.00823974609,-14.7024536,-0.0796508789,-14.9606323,-19.3386841,19.4952393,-0.133154297,1.28615128,-0.131616211,0.674212801,-1.80439238,2.20156773,0.0301574707,-1.42001969,0.166333008,-0.991937411,0.681727527,-1.00238944
94,1925671,0.0126342773,16.5639926,0.016204834,16.6079379,19.2128928,-19.3165886,0.0319976807,-16.3001834,0.0722351074,-16.1585971,-18.6490808,18.4759029,0.151062012,15.2270508,0.151062012,15.9521484,21.0443115,-21.5744019,-0.00274658203,-14.8370361,-0.085144043,-15.0924683,-19.2700195,19.4952393,-0.138427734,1.33694181,-0.134857178,0.655789471,-1.83141872,2.25781327,0.0347442627,-1.46314726,0.15737915,-1.06612883,0.620938759,-1.01933634
95,1945960,0.0101074219,16.6889408,0.0129638672,16.7240971,19.0485419,-19.1752041,0.0255981445,-16.4778935,0.0577880859,-16.3646244,-18.6412054,18.458956,0.151062012,15.3533936,0.145568848,16.0647583,20.9399414,-21.5524292,-0.0137329102,-14.9633789,-0.104370117,-15.2957153,-19.2617798,19.4897461,-0.14095459,1.33554729,-0.13260498,0.659338797,-1.89139946,2.37722506,0.0393310547,-1.51451458,0.162158203,-1.06890911,0.620574392,-1.03079013
96,1966315,0.00758056641,16.8138891,0.00972290039,16.8402563,18.8841948,-19.0338243,0.0191986084,-16.6556036,0.0433410645,-16.5706518,-18.6333304,18.442009,0.151062012,15.5154419,0.142822266,16.1993408,20.7421875,-21.5084839,-0.0247192383,-15.1034546,-0.112609863,-15.4605103,-19.2947388,19.4677734,-0.143481445,1.2984472,-0.133099365,0.640915466,-1.85799266,2.47465955,0.0439178467,-1.55214899,0.155950928,-1.11014154,0.661408351,-1.02576449
97,1986620,0.00505371094,16.9388374,0.00648193359,16.9564155,18.7198506,-18.8924487,0.0127990723,-16.8333137,0.028894043,-16.7766791,-18.6254558,18.4250619,0.14831543,15.6747437,0.137329102,16.3037109,20.5224609,-21.4398193,-0.0274658203,-15.2490234,-0.123596191,-15.6280518,-19.2480469,19.4732666,-0.143261719,1.2640937,-0.130847168,0.652704538,-1.80261031,2.54737064,0.0402648926,-1.58429023,0.152490234,-1.14862739,0.622591027,-1.04820472
98,2006910,0.00252685547,17.0637856,0.0032409668,17.0725747,18.5555085,-18.7510767,0.00639953613,-17.0110238,0.0144470215,-16.9827065,-18.6175817,18.4081148,0.14831543,15.8807373,0.13458252,16.4300537,20.1461792,-21.3546753,-0.0302124023,-15.46875,-0.123596191,-15.8395386,-19.2755127,19.4732666,-0.145788574,1.1830483,-0.131341553,0.642520954,-1.59067072,2.60359858,0.0366119385,-1.54227376,0.138043213,-1.14316793,0.657931014,-1.06515185
99,2027236,0,17.1887339,0,17.1887339,18.3911676,-18.6097079,-0,-17.1887339,0,-17.1887339,-18.6097079,18.3911676,0.14831543,16.1169434,0.126342773,16.5563965,20.0390625,-21.0003662,-0.0329589844,-15.7571411,-0.126342773,-16.1471558,-19.2617798,19.4732666,-0.14831543,1.07179049,-0.126342773,0.63233737,-1.64789494,2.39065829,0.0329589844,-1.43159274,0.126342773,-1.04157809,0.652071867,-1.08209904
100,52061453,0.252969375,17.6044993,0.0219869915,17.1887339,23.3415036,-22.4939992,0.526233291,-17.1566985,0.0254080092,-17.1887339,-19.1583118,18.6297393,0.0357055664,16.5591431,0.0466918945,17.0343018,19.2315674,-19.937439,-0.0741577148,-16.2844849,-0.145568848,-16.8804932,-19.2205811,19.4046021,0.217263808,1.04535622,-0.024704903,0.154432096,4.10993619,-2.5565602,0.600391005,-0.872213683,0.170976857,-0.30824069,0.0622692608,-0.774862765
101,52069621,0.334425869,17.823343,0.0593731781,17.1887339,27.652386,-26.1767335,0.880103138,-16.8638493,0.128743371,-17.1887339,-19.2725165,18.9031247,0.0357055664,16.5591431,0.0466918945,17.0343018,20.1489258,-20.8877563,-0.0714111328,-16.2844849,-0.145568848,-16.8777466,-19.3469238,19.4046021,0.298720303,1.26419993,0.0126812836,0.154432096,7.50346025,-5.28897712,0.95151427,-0.579364415,0.274312219,-0.310987272,0.0744073364,-0.501477325
102,52093045,0.329325494,17.9719355,0.0931408138,17.1887339,31.4285167,-29.5370547,1.10574049,-16.5790125,0.196025746,-17.1887339,-19.2655589,19.1750673,0.0823974609,16.6278076,0.0439453125,17.0562744,21.0443115,-21.7556763,0.090637207,-16.257019,-0.145568848,-16.8777466,-19.2700195,19.4677734,0.246928033,1.34412785,0.0491955013,0.13245944,10.3842052,-7.78137845,1.01510328,-0.32199345,0.341594594,-0.310987272,0.00446062971,-0.292706158
103,52111509,0.2520508,18.1679033,0.111860501,17.1887339,34.6907622,-32.6277489,1.27582019,-16.3663194,0.230354157,-17.1887339,-19.2655795,19.4586375,0.112609863,16.6992188,0.109863281,17.0617676,22.5549316,-22.6593018,0.219726562,-16.2185669,-0.123596191,-16.875,-19.2919922,19.5584106,0.139440936,1.46868453,0.00199721981,0.126966276,12.1358306,-9.9684471,1.05609363,-0.147752547,0.353950349,-0.313733854,0.026412668,-0.0997730947
104,52138251,0.0967750379,18.3473443,0.118197551,17.1887339,36.1401212,-34.1470861,1.39625268,-16.1509619,0.263351365,-17.1887339,-19.3295279,19.7808258,0.131835938,16.8255615,0.131835938,17.0645142,25.1916504,-24.4967651,0.472412109,-16.1032104,-0.0961303711,-16.8667603,-19.3167114,19.602356,-0.0350608996,1.52178278,-0.0136383869,0.124219694,10.9484708,-9.65032095,0.923840569,-0.0477514632,0.359481736,-0.3219736,-0.0128164418,0.17846981
105,52149838,-0.0856810775,18.4567447,0.103835558,17.1887339,36.0463492,-34.2373345,1.48336355,-16.0040755,0.29861488,-17.1887339,-19.4115088,20.0926296,0.129089355,16.8695068,0.131835938,17.0645142,26.4056396,-25.4855347,0.574035645,-16.0372925,-0.0933837891,-16.8667603,-19.3386841,19.6682739,-0.214770433,1.58723789,-0.0280003794,0.124219694,9.64070954,-8.75179984,0.909327901,0.0332169452,0.391998669,-0.3219736,-0.0728247331,0.424355625
106,52172808,-0.304469957,18.4791186,0.0923010079,17.1887339,35.9396088,-34.3403228,1.53364002,-15.8402867,0.328077516,-17.1887339,-19.4372139,20.3071659,0.0686645508,17.0150757,0.142822266,17.0672607,29.2840576,-27.4438477,0.771789551,-15.8862305,-0.0576782227,-16.8695068,-19.3359375,19.7589111,-0.373134508,1.46404295,-0.0505212578,0.121473112,6.6555512,-6.89647512,0.76185047,0.0459437235,0.385755738,-0.319227018,-0.10127635,0.548254794
107,52191010,-0.531658578,18.4655479,0.0785832303,17.1887339,35.8760401,-34.4017883,1.54785283,-15.5978809,0.344475639,-17.1887339,-19.4384099,20.4523709,-0.00274658203,17.1496582,0.142822266,17.0672607,30.7507324,-29.0286255,0.876159668,-15.7818604,-0.0302124023,-16.8722534,-19.3386841,19.8220825,-0.528911996,1.31588966,-0.0642390353,0.121473112,5.12530763,-5.37316278,0.671693157,0.183979453,0.374688041,-0.316480436,-0.0997258119,0.63028838
108,52209813,-0.630575427,18.4625843,0.0467057684,17.1887339,35.9883505,-34.2932602,1.51457327,-15.4673738,0.326913139,-17.1887339,-19.3587162,20.5084718,-0.0823974609,17.2732544,0.13458252,17.0672607,29.8690796,-30.017395,0.933837891,-15.6637573,0.00823974609,-16.8777466,-19.3386841,19.8880005,-0.548177966,1.18932989,-0.0878767511,0.121473112,6.11927094,-4.27586516,0.580735384,0.19638354,0.318673393,-0.310987272,-0.020032124,0.620471327
109,52248101,-0.692468552,18.4405985,0.0275826453,17.1887339,36.0712498,-34.2133489,1.49542921,-15.42603,0.32692277,-17.1887339,-19.2908919,20.5557974,-0.186767578,17.492981,0.0384521484,17.0672607,32.0910645,-31.2918091,0.988769531,-15.4577637,0.129089355,-16.8832397,-19.3386841,19.9319458,-0.505700974,0.947617588,-0.0108695031,0.121473112,3.98018532,-2.92153981,0.50665968,0.0317337055,0.197833414,-0.305494108,0.0477921755,0.623851562
110,52252381,-0.760954312,18.3844826,0.0279686791,17.1887339,36.0970181,-34.1885432,1.48805206,-15.336485,0.344252633,-17.1887339,-19.1738774,20.4688199,-0.192260742,17.5039673,0.0384521484,17.0672607,32.3492432,-31.5060425,0.991516113,-15.4440308,0.129089355,-16.8832397,-19.3139648,19.9319458,-0.56869357,0.880515279,-0.0104834693,0.121473112,3.74777493,-2.68250069,0.496535947,0.107545728,0.215163278,-0.305494108,0.140087481,0.536874095
111,52271070,-0.839232583,18.3455296,0.0269681546,17.1887339,36.05944,-34.2247228,1.51081312,-15.2502313,0.373259729,-17.1887339,-19.0817372,20.3606978,-0.225219727,17.5946045,0.0411987305,17.0672607,32.9754639,-31.5637207,0.991516113,-15.3671265,0.129089355,-16.8804932,-19.2947388,19.9319458,-0.614012857,0.750925119,-0.0142305759,0.121473112,3.08397613,-2.66100215,0.519297006,0.116895194,0.244170374,-0.30824069,0.213001527,0.428752025
112,52301117,-0.923167754,18.3311367,0.0256253372,17.1887339,35.9950537,-34.2867924,1.52586371,-15.2058493,0.402719667,-17.1887339,-18.9699131,20.2379271,-0.225219727,17.6660156,0.0988769531,17.0672607,34.0081787,-32.0361328,0.991516113,-15.1940918,0.118103027,-16.8804932,-19.2947388,19.9209595,-0.697948027,0.665121027,-0.0732516159,0.121473112,1.98687503,-2.25065959,0.534347601,-0.0117575448,0.28461664,-0.30824069,0.324825633,0.316967646
113,52308900,-1.01295892,18.3501796,0.0337896288,17.1887339,35.9203888,-34.3588965,1.55984281,-15.1325465,0.437839919,-17.1887339,-18.8992549,20.1459254,-0.227966309,17.6687622,0.126342773,17.0672607,33.8626099,-32.1075439,0.991516113,-15.1391602,0.118103027,-16.8804932,-19.2919922,19.9209595,-0.784992614,0.681417354,-0.0925531446,0.121473112,2.05777896,-2.25135255,0.568326699,0.00661364276,0.319736892,-0.30824069,0.392737297,0.224965957
114,52330590,-1.07587596,18.376339,0.0391022268,17.1887339,35.8811637,-34.3968305,1.57421203,-15.0720628,0.457554577,-17.1887339,-18.8302316,20.07211,-0.227966309,17.6715088,0.14831543,17.0672607,34.085083,-32.4371338,0.988769531,-14.9414062,0.0769042969,-16.8804932,-19.2480469,19.90448,-0.847909653,0.704830183,-0.109213203,0.121473112,1.79608065,-1.95969676,0.585442497,-0.130656591,0.380650281,-0.30824069,0.417815285,0.167629986
115,52349884,-1.12132869,18.3910299,0.0407229795,17.1887339,35.8560245,-34.4211619,1.58008312,-15.0154973,0.468338558,-17.1887339,-18.810258,20.0500142,-0.241699219,17.6715088,0.145568848,17.0672607,34.3707275,-32.4755859,0.988769531,-14.7958374,0.0329589844,-16.8777466,-19.2507935,19.9099731,-0.879629466,0.719521152,-0.104845868,0.121473112,1.48529699,-1.94557594,0.591313591,-0.219659946,0.435379574,-0.310987272,0.440535491,0.140041031
116,52371096,-1.14950076,18.394646,0.0384295215,17.1887339,35.8489067,-34.4280538,1.56706369,-14.9616305,0.465486408,-17.1887339,-18.807853,20.0576605,-0.277404785,17.677002,0.145568848,17.0672607,34.4970703,-32.5634766,0.975036621,-14.6200562,0.0521850586,-16.8777466,-19.2480469,19.8880005,-0.872095971,0.717644061,-0.107139326,0.121473112,1.35183641,-1.8645772,0.592027067,-0.341574311,0.413301349,-0.310987272,0.440193891,0.169660006
117,52394479,-1.17301901,18.398685,0.0358165472,17.1887339,35.8339985,-34.4424927,1.56184419,-14.9249457,0.467944081,-17.1887339,-18.842601,20.0850995,-0.288391113,17.7182007,0.145568848,17.0672607,34.5547485,-32.5854492,0.977783203,-14.5019531,0.0796508789,-16.8777466,-19.2370605,19.8880005,-0.884627897,0.680484277,-0.1097523,0.121473112,1.27925001,-1.85704352,0.584060991,-0.422992563,0.388293202,-0.310987272,0.394459593,0.197099007
118,52410973,-1.20156647,18.3858269,0.0351583753,17.1887339,35.8080908,-34.467598,1.56581663,-14.8983315,0.481897098,-17.1887339,-18.9110828,20.1289334,-0.307617188,17.7429199,0.145568848,17.0672607,34.5877075,-32.5909424,0.983276367,-14.4140625,0.109863281,-16.8777466,-19.25354,19.8852539,-0.893949281,0.642906952,-0.110410472,0.121473112,1.22038327,-1.8766556,0.582540265,-0.484269015,0.372033817,-0.310987272,0.342457256,0.243679482
119,52431788,-1.22720249,18.3754465,0.0352572657,17.1887339,35.7847671,-34.4902132,1.57828692,-14.8662054,0.500896192,-17.1887339,-18.9947806,20.1798238,-0.33782959,17.7676392,0.142822266,17.0672607,34.5849609,-32.5909424,0.986022949,-14.3591309,0.129089355,-16.8777466,-19.2480469,19.9072266,-0.889372901,0.60780732,-0.107565,0.121473112,1.19980612,-1.89927086,0.592263969,-0.507074519,0.371806836,-0.310987272,0.253266264,0.272597265
120,52451433,-1.24615504,18.3643867,0.0354744871,17.1887339,35.7649598,-34.5094293,1.59564543,-14.8445773,0.521971662,-17.1887339,-19.0729446,20.2260938,-0.36529541,17.7896118,0.140075684,17.0672607,34.5877075,-32.5964355,0.986022949,-14.3151855,0.156555176,-16.8777466,-19.2700195,19.8907471,-0.880859627,0.57477488,-0.104601196,0.121473112,1.17725227,-1.91299372,0.609622485,-0.529391782,0.365416487,-0.310987272,0.197074923,0.335346709
121,52472265,-1.26282165,18.358453,0.0356236051,17.1887339,35.7511722,-34.522811,1.61732951,-14.80314,0.543396531,-17.1887339,-19.1436087,20.2661526,-0.370788574,17.795105,0.123596191,17.0672607,34.5877075,-32.6074219,0.986022949,-14.2932129,0.178527832,-16.8777466,-19.2700195,19.9072266,-0.89203308,0.563348032,-0.0879725863,0.121473112,1.16346468,-1.91538909,0.63130656,-0.509927132,0.364868699,-0.310987272,0.126410837,0.358926061
122,52499397,-1.27089221,18.360625,0.0344854458,17.1887339,35.744103,-34.5296738,1.63138194,-14.7687274,0.558020103,-17.1887339,-19.2035278,20.3063599,-0.376281738,17.8005981,0.126342773,17.0672607,34.5877075,-32.6074219,0.986022949,-14.2767334,0.208740234,-16.875,-19.2919922,19.9072266,-0.894610468,0.560026868,-0.0918573276,0.121473112,1.15639548,-1.92225197,0.645358991,-0.491993996,0.349279869,-0.313733854,0.0884644052,0.399133348
123,52510314,-1.27029921,18.3582595,0.0321185953,17.1887339,35.7424708,-34.5312585,1.63418819,-14.7477796,0.565197881,-17.1887339,-19.2479057,20.3387736,-0.376281738,17.8033447,0.126342773,17.0672607,34.5877075,-32.6101685,0.986022949,-14.2739868,0.21697998,-16.875,-19.2974854,19.9099731,-0.894017471,0.554914778,-0.0942241781,0.121473112,1.15476333,-1.92109009,0.648165243,-0.473792815,0.3482179,-0.313733854,0.0495796441,0.42880049
124,52531082,-1.26636201,18.354961,0.0288640657,17.1887339,35.7437243,-34.5300415,1.62840125,-14.7333686,0.565184698,-17.1887339,-19.282788,20.3631936,-0.37902832,17.8033447,0.126342773,17.0672607,34.5877075,-32.612915,0.986022949,-14.2712402,0.244445801,-16.875,-19.3167114,19.9127197,-0.887333694,0.551616309,-0.0974787078,0.121473112,1.15601683,-1.91712645,0.642378297,-0.462128381,0.320738898,-0.313733854,0.0339234697,0.450473835
125,52551369,-1.25909374,18.3600914,0.0241860371,17.1887339,35.7487342,-34.5251776,1.61200292,-14.7334913,0.555956464,-17.1887339,-19.3057187,20.38088,-0.37902832,17.8033447,0.126342773,17.0672607,34.5849609,-32.6293945,0.986022949,-14.2712402,0.269165039,-16.875,-19.3112183,19.9072266,-0.880065417,0.556746634,-0.102156736,0.121473112,1.16377331,-1.89578309,0.625979969,-0.462251068,0.286791425,-0.313733854,0.00549956353,0.473653427
126,52575860,-1.24886047,18.3562706,0.0202137805,17.1887339,35.7561164,-34.5180118,1.58877112,-14.7482668,0.542580256,-17.1887339,-19.3185008,20.3897093,-0.37902832,17.8060913,0.126342773,17.0672607,34.5877075,-32.6293945,0.986022949,-14.2520142,0.299377441,-16.875,-19.3167114,19.9209595,-0.869832154,0.55017933,-0.106128993,0.121473112,1.16840888,-1.88861725,0.602748173,-0.496252634,0.243202814,-0.313733854,-0.0017893801,0.468749805
127,52596410,-1.23404306,18.3434032,0.0166888181,17.1887339,35.7668994,-34.5075472,1.5589747,-14.7795318,0.524940336,-17.1887339,-19.3120431,20.3857985,-0.381774902,17.8060913,0.126342773,17.0672607,34.5822144,-32.6293945,0.986022949,-14.2437744,0.32409668,-16.875,-19.3414307,19.90448,-0.85226816,0.537311894,-0.109653955,0.121473112,1.18468499,-1.87815265,0.572951746,-0.535757401,0.200843656,-0.313733854,0.0293875633,0.481318552
128,52610018,-1.21881188,18.3266198,0.0144015574,17.1887339,35.7763859,-34.4983431,1.52995582,-14.8142413,0.507896521,-17.1887339,-19.2884584,20.3673212,-0.384521484,17.8060913,0.126342773,17.0672607,34.6096802,-32.6293945,0.986022949,-14.2382812,0.3515625,-16.875,-19.3112183,19.9346924,-0.834290393,0.520528454,-0.111941216,0.121473112,1.1667057,-1.86894855,0.543932868,-0.575960049,0.156334021,-0.313733854,0.0227598743,0.432628842
129,52631057,-1.20599612,18.3085709,0.0137013616,17.1887339,35.7822834,-34.4926222,1.50913139,-14.8436809,0.496491915,-17.1887339,-19.2634254,20.3355643,-0.384521484,17.8060913,0.126342773,17.0672607,34.5849609,-32.6293945,0.986022949,-14.2355347,0.362548828,-16.875,-19.3634033,19.9264526,-0.821474635,0.502479594,-0.112641412,0.121473112,1.19732251,-1.86322766,0.523108441,-0.608146198,0.133943087,-0.313733854,0.0999779618,0.40911171
130,52652617,-1.18843447,18.2909804,0.0131043849,17.1887339,35.7947528,-34.4805292,1.48712698,-14.8859196,0.482398366,-17.1887339,-19.2194063,20.3000215,-0.384521484,17.8060913,0.126342773,17.0672607,34.6069336,-32.6293945,0.986022949,-14.2382812,0.373535156,-16.875,-19.3057251,19.9319458,-0.80391299,0.484889082,-0.113238389,0.121473112,1.18781922,-1.85113466,0.50110403,-0.64763836,0.10886321,-0.313733854,0.0863188155,0.368075667
131,52672887,-1.16820837,18.2764936,0.012809562,17.1887339,35.8070929,-34.4685653,1.46703065,-14.9340696,0.468126788,-17.1887339,-19.1551083,20.254136,-0.384521484,17.8060913,0.126342773,17.0672607,34.6069336,-32.6293945,0.983276367,-14.2410278,0.376281738,-16.875,-19.2700195,19.9127197,-0.783686887,0.470402251,-0.113533211,0.121473112,1.20015934,-1.83917073,0.483754283,-0.693041794,0.0918450499,-0.313733854,0.114911223,0.341416292
132,52693078,-1.15083838,18.2616688,0.013712419,17.1887339,35.8158567,-34.4600709,1.45419823,-14.9756201,0.457495838,-17.1887339,-19.0884842,20.202472,-0.384521484,17.8033447,0.126342773,17.0672607,34.6069336,-32.6293945,0.983276367,-14.2520142,0.376281738,-16.875,-19.3167114,19.9099731,-0.766316896,0.458324035,-0.112630354,0.121473112,1.20892315,-1.83067634,0.47092186,-0.723605982,0.0812140995,-0.313733854,0.228227265,0.292498819
133,52711357,-1.13909339,18.2554725,0.0156628852,17.1887339,35.8209765,-34.4551094,1.44663038,-15.0118313,0.450186613,-17.1887339,-19.0276682,20.1543256,-0.381774902,17.8033447,0.126342773,17.0672607,34.6096802,-32.6293945,0.983276367,-14.2547607,0.37902832,-16.875,-19.2919922,19.9072266,-0.75731849,0.452127752,-0.110679888,0.121473112,1.21129631,-1.82571486,0.463354011,-0.757070587,0.071158293,-0.313733854,0.264324029,0.247099035
134,52731653,-1.13383524,18.255473,0.0186682133,17.1887339,35.8212558,-34.4548387,1.44768769,-15.0370381,0.448638688,-17.1887339,-18.9797964,20.1138246,-0.381774902,17.8060913,0.126342773,17.0672607,34.6096802,-32.6293945,0.983276367,-14.2684937,0.376281738,-16.875,-19.2947388,19.9072266,-0.752060337,0.449381682,-0.10767456,0.121473112,1.21157565,-1.82544417,0.464411324,-0.768544405,0.0723569492,-0.313733854,0.314942366,0.206598058
135,52753493,-1.13655516,18.2624514,0.0230241323,17.1887339,35.8170789,-34.4588864,1.45693222,-15.052658,0.451849115,-17.1887339,-18.9395309,20.0851148,-0.37902832,17.8033447,0.126342773,17.0672607,34.6206665,-32.6293945,0.983276367,-14.27948,0.376281738,-16.875,-19.2919922,19.8852539,-0.757526837,0.459106711,-0.103318641,0.121473112,1.19641241,-1.82949189,0.473655848,-0.773178036,0.0755673772,-0.313733854,0.352461283,0.199860913
136,52771239,-1.1473416,18.2728818,0.0289516116,17.1887339,35.8065335,-34.4691075,1.47563997,-15.0554169,0.462337452,-17.1887339,-18.9138441,20.0684239,-0.37902832,17.8060913,0.126342773,17.0672607,34.6316528,-32.6293945,0.983276367,-14.27948,0.37902832,-16.875,-19.2892456,19.8962402,-0.768313277,0.466790532,-0.0973911618,0.121473112,1.17488071,-1.83971299,0.4923636,-0.775936963,0.0833091312,-0.313733854,0.375401524,0.172183618
137,52790583,-1.16370441,18.2862193,0.0347871609,17.1887339,35.792466,-34.4827467,1.50169523,-15.0362105,0.478040091,-17.1887339,-18.9114358,20.0684713,-0.37902832,17.8060913,0.126342773,17.0672607,34.6289062,-32.6293945,0.983276367,-14.2877197,0.37902832,-16.875,-19.2672729,19.8825073,-0.784676088,0.480127971,-0.0915556125,0.121473112,1.16355972,-1.85335219,0.518418859,-0.748490768,0.0990117703,-0.313733854,0.355837105,0.185964015
138,52811500,-1.18239522,18.3051202,0.0398968297,17.1887339,35.776625,-34.4981111,1.53127473,-15.0116,0.496625923,-17.1887339,-18.929535,20.0854867,-0.376281738,17.8033447,0.126342773,17.0672607,34.6316528,-32.6293945,0.983276367,-14.2877197,0.37902832,-16.875,-19.2947388,19.8880005,-0.806113483,0.501775436,-0.0864459438,0.121473112,1.14497213,-1.86871661,0.547998359,-0.723880316,0.117597603,-0.313733854,0.365203806,0.197486234
139,52832191,-1.20181468,18.3239917,0.0442150631,17.1887339,35.7610816,-34.5131929,1.56260754,-14.9776582,0.516599924,-17.1887339,-18.9639563,20.1202444,-0.376281738,17.8033447,0.126342773,17.0672607,34.6289062,-32.6293945,0.983276367,-14.2904663,0.37902832,-16.875,-19.2700195,19.8880005,-0.82553294,0.520646993,-0.0821277103,0.121473112,1.13217532,-1.88379833,0.579331169,-0.687191877,0.137571603,-0.313733854,0.306063261,0.232243871
140,52849608,-1.21729216,18.3396446,0.0467341351,17.1887339,35.7492755,-34.5246522,1.58983977,-14.9483475,0.533826719,-17.1887339,-19.0056359,20.1668534,-0.376281738,17.8033447,0.126342773,17.0672607,34.6096802,-32.6293945,0.983276367,-14.2877197,0.381774902,-16.875,-19.2700195,19.8907471,-0.841010422,0.536299865,-0.0796086384,0.121473112,1.13959536,-1.89525762,0.606563407,-0.660627727,0.152051817,-0.313733854,0.264383668,0.276106281
141,52874003,-1.23211299,18.3489442,0.0481392757,17.1887339,35.7368446,-34.5367217,1.61464852,-14.9134379,0.550609484,-17.1887339,-19.0637132,20.222669,-0.37902832,17.8060913,0.126342773,17.0672607,34.6289062,-32.6513672,0.986022949,-14.2877197,0.395507812,-16.8722534,-19.2919922,19.8907471,-0.853084667,0.542852928,-0.0782034977,0.121473112,1.10793831,-1.88535454,0.628625574,-0.625718203,0.155101672,-0.316480436,0.228279016,0.331921948
142,52891469,-1.24380832,18.3560819,0.0485637805,17.1887339,35.72804,-34.5452726,1.63497722,-14.8897316,0.565588567,-17.1887339,-19.1290345,20.2837862,-0.37902832,17.8060913,0.126342773,17.0672607,34.604187,-32.6513672,0.986022949,-14.2877197,0.417480469,-16.875,-19.2947388,19.9072266,-0.86478,0.549990561,-0.0777789929,0.121473112,1.12385297,-1.89390542,0.648954266,-0.602011897,0.148108099,-0.313733854,0.165704254,0.376559669
143,52910965,-1.2530956,18.3606748,0.0475757638,17.1887339,35.720782,-34.5523229,1.64964286,-14.8693722,0.576812959,-17.1887339,-19.1989235,20.3488474,-0.381774902,17.8060913,0.126342773,17.0700073,34.6096802,-32.6541138,0.986022949,-14.2849731,0.436706543,-16.8722534,-19.3112183,19.9099731,-0.871320699,0.554583521,-0.0787670097,0.11872653,1.11110178,-1.89820916,0.663619912,-0.584399051,0.140106416,-0.316480436,0.112294714,0.438874229
144,52930508,-1.26011307,18.3581024,0.0457661692,17.1887339,35.7159071,-34.557059,1.65859833,-14.8471743,0.584594457,-17.1887339,-19.267482,20.4103758,-0.381774902,17.8060913,0.126342773,17.0700073,34.6096802,-32.6541138,0.986022949,-14.27948,0.455932617,-16.875,-19.3002319,19.9099731,-0.878338172,0.552011059,-0.0805766043,0.11872653,1.1062269,-1.90294526,0.672575383,-0.567694271,0.12866184,-0.313733854,0.0327499453,0.500402613
145,52953054,-1.26132653,18.350714,0.0433332601,17.1887339,35.7175888,-34.5554251,1.65859492,-14.84068,0.586442023,-17.1887339,-19.3266758,20.4683597,-0.384521484,17.8060913,0.126342773,17.0700073,34.6096802,-32.6541138,0.986022949,-14.2767334,0.469665527,-16.875,-19.3304443,19.9099731,-0.876805042,0.544622672,-0.0830095134,0.11872653,1.10790865,-1.90131132,0.672571968,-0.563946624,0.116776496,-0.313733854,0.00376857314,0.558386588
146,52971139,-1.25821524,18.3373453,0.0399717056,17.1887339,35.7214413,-34.5516824,1.65001729,-14.8429312,0.583097211,-17.1887339,-19.3789839,20.5181987,-0.387268066,17.8060913,0.126342773,17.0700073,34.6096802,-32.6541138,0.986022949,-14.2739868,0.483398437,-16.8722534,-19.3359375,19.9291992,-0.870947172,0.531253986,-0.0863710678,0.11872653,1.11176113,-1.89756863,0.663994343,-0.568944351,0.0996987735,-0.316480436,-0.0430464243,0.588999468
147,52990125,-1.25047349,18.3197698,0.0357652568,17.1887339,35.731861,-34.5415615,1.63199106,-14.8465575,0.572565674,-17.1887339,-19.4200485,20.5598752,-0.395507812,17.8060913,0.126342773,17.0700073,34.6096802,-32.6705933,0.986022949,-14.2712402,0.497131348,-16.875,-19.3386841,19.9539185,-0.85496568,0.513678457,-0.0905775166,0.11872653,1.12218079,-1.87096823,0.645968108,-0.575317251,0.0754343263,-0.313733854,-0.0813643889,0.60595674
148,53015418,-1.23861396,18.3005741,0.031333638,17.1887339,35.7436838,-34.5300809,1.60828921,-14.8668808,0.558773439,-17.1887339,-19.4480275,20.5903903,-0.395507812,17.8060913,0.126342773,17.0700073,34.6316528,-32.6705933,0.986022949,-14.2712402,0.502624512,-16.875,-19.3469238,19.9539185,-0.843106149,0.494482766,-0.0950091355,0.11872653,1.11203097,-1.85948759,0.622266258,-0.595640565,0.0561489271,-0.313733854,-0.101103708,0.636471844
149,53035034,-1.22509524,18.2783348,0.0270027986,17.1887339,35.755648,-34.5184664,1.58227384,-14.8873798,0.543007211,-17.1887339,-19.467056,20.60818,-0.395507812,17.8033447,0.126342773,17.0700073,34.6151733,-32.6705933,0.986022949,-14.2712402,0.502624512,-16.875,-19.3331909,19.9731445,-0.829587429,0.474990038,-0.0993399749,0.11872653,1.14047463,-1.84787319,0.596250887,-0.616139584,0.040382699,-0.313733854,-0.133865051,0.635035499
150,53049526,-1.20906711,18.2609273,0.0226920848,17.1887339,35.7701887,-34.5043555,1.55339252,-14.9145849,0.523885413,-17.1887339,-19.4657401,20.6156947,-0.395507812,17.8033447,0.126342773,17.0700073,34.6096802,-32.6705933,0.986022949,-14.2712402,0.505371094,-16.8722534,-19.3551636,19.9758911,-0.813559297,0.457582597,-0.103650689,0.11872653,1.16050849,-1.83376228,0.567369569,-0.643344655,0.0185143194,-0.316480436,-0.110576547,0.639803554
151,53073166,-1.19450187,18.2456454,0.0195128174,17.1887339,35.7795901,-34.4952348,1.52944219,-14.9474057,0.508264907,-17.1887339,-19.4536678,20.6079251,-0.395507812,17.8060913,0.126342773,17.0700073,34.6234131,-32.6705933,0.986022949,-14.2739868,0.505371094,-16.8722534,-19.3606567,19.9758911,-0.798994055,0.439554086,-0.106829956,0.11872653,1.156177,-1.8246415,0.543419238,-0.673418839,0.00289381334,-0.316480436,-0.0930110562,0.632034036
152,53091693,-1.18126551,18.2304244,0.0172913389,17.1887339,35.7892032,-34.4859109,1.50914054,-14.9710392,0.493719302,-17.1887339,-19.4297547,20.589859,-0.395507812,17.8060913,0.126342773,17.0700073,34.6124268,-32.6705933,0.988769531,-14.2739868,0.505371094,-16.875,-19.3579102,19.9758911,-0.785757695,0.424333116,-0.109051435,0.11872653,1.17677641,-1.8153176,0.520371011,-0.697052404,-0.0116517917,-0.313733854,-0.0718445467,0.613967898
153,53114400,-1.17021617,18.2229842,0.0160225299,17.1887339,35.796916,-34.4784316,1.49398422,-14.9921286,0.482274603,-17.1887339,-19.394836,20.5621762,-0.395507812,17.8060913,0.126342773,17.0672607,34.6289062,-32.6705933,0.988769531,-14.2767334,0.502624512,-16.875,-19.3579102,19.9786377,-0.774708361,0.416892863,-0.110320244,0.121473112,1.16800979,-1.80783838,0.505214685,-0.715395226,-0.0203499088,-0.313733854,-0.0369258498,0.583538524
154,53139663,-1.16514722,18.2235223,0.0160220539,17.1887339,35.7999833,-34.4754577,1.48863509,-14.9983862,0.476723503,-17.1887339,-19.3620384,20.5299523,-0.39276123,17.8060913,0.126342773,17.0700073,34.6289062,-32.6705933,0.986022949,-14.2822266,0.502624512,-16.8722534,-19.3551636,19.9923706,-0.772385987,0.417430996,-0.11032072,0.11872653,1.17107703,-1.80486446,0.502612136,-0.716159625,-0.0259010084,-0.316480436,-0.00687479484,0.537581679
155,53149858,-1.16509435,18.2292973,0.0171998272,17.1887339,35.8006437,-34.4748174,1.48894955,-14.9939794,0.474751047,-17.1887339,-19.3298344,20.4973911,-0.39276123,17.8060913,0.126342773,17.0672607,34.6289062,-32.6678467,0.986022949,-14.2849731,0.502624512,-16.8722534,-19.3386841,19.9923706,-0.772333121,0.423205943,-0.109142946,0.121473112,1.17173745,-1.80697075,0.502926598,-0.70900629,-0.0278734646,-0.316480436,0.00884965478,0.505020507
156,53177340,-1.16894398,18.2437525,0.0189254467,17.1887339,35.7977307,-34.4776417,1.4951616,-14.9868198,0.476997701,-17.1887339,-19.2997839,20.4673789,-0.39276123,17.8060913,0.126342773,17.0700073,34.6289062,-32.6678467,0.986022949,-14.2849731,0.502624512,-16.8722534,-19.3386841,19.9758911,-0.776182752,0.437661141,-0.107417327,0.11872653,1.16882448,-1.80979503,0.509138655,-0.70184663,-0.0256268105,-0.316480436,0.0389002309,0.491487813
157,53190660,-1.1782176,18.2607662,0.0216185156,17.1887339,35.7912622,-34.483914,1.50737685,-14.9683158,0.483199923,-17.1887339,-19.2735912,20.4417446,-0.390014648,17.8060913,0.126342773,17.0700073,34.6316528,-32.6678467,0.986022949,-14.2877197,0.502624512,-16.8722534,-19.3359375,19.9758911,-0.788202955,0.454674844,-0.104724258,0.11872653,1.15960939,-1.81606737,0.521353902,-0.680596041,-0.0194245889,-0.316480436,0.0623463445,0.465853476
158,53214689,-1.19365793,18.2805339,0.0250506174,17.1887339,35.7799867,-34.49485,1.5249997,-14.9376562,0.493686415,-17.1887339,-19.2541421,20.422573,-0.387268066,17.8060913,0.126342773,17.0700073,34.6536255,-32.6513672,0.986022949,-14.2849731,0.502624512,-16.875,-19.3606567,19.9731445,-0.806389863,0.474442607,-0.101292156,0.11872653,1.12636126,-1.8434828,0.538976746,-0.652683099,-0.008938097,-0.313733854,0.106514645,0.449428437
159,53233156,-1.21319254,18.3061707,0.0291170089,17.1887339,35.7649353,-34.509453,1.54932774,-14.9023487,0.509922013,-17.1887339,-19.2503464,20.4092457,-0.387268066,17.8060913,0.126342773,17.0700073,34.637146,-32.6513672,0.986022949,-14.2849731,0.502624512,-16.875,-19.3441772,19.9758911,-0.825924477,0.50007938,-0.0972257645,0.11872653,1.12778931,-1.85808584,0.563304787,-0.617375546,0.00729750171,-0.313733854,0.0938308876,0.433354539
160,53251721,-1.23419374,18.3342638,0.0325658703,17.1887339,35.7516239,-34.5223725,1.57477115,-14.8592383,0.526369621,-17.1887339,-19.25704,20.409917,-0.387268066,17.8060913,0.126342773,17.0700073,34.6316528,-32.6513672,0.986022949,-14.2849731,0.49987793,-16.875,-19.3331909,19.9731445,-0.84692567,0.52817246,-0.0937769032,0.11872653,1.11997103,-1.87100534,0.588748198,-0.574265185,0.0264916915,-0.313733854,0.0761509395,0.436772442
161,53276609,-1.25509084,18.3624494,0.0358485125,17.1887339,35.7365929,-34.5369661,1.60076398,-14.8200919,0.544236201,-17.1887339,-19.2712192,20.4166379,-0.390014648,17.8060913,0.126342773,17.0700073,34.6508789,-32.6513672,0.986022949,-14.2739868,0.502624512,-16.875,-19.3276978,19.9758911,-0.865076188,0.556358132,-0.0904942609,0.11872653,1.08571398,-1.88559893,0.614741029,-0.546105052,0.0416116891,-0.313733854,0.0564785255,0.440746748
162,53293226,-1.27510971,18.3866246,0.0383202811,17.1887339,35.7224197,-34.5507319,1.62687361,-14.775007,0.562223299,-17.1887339,-19.2976464,20.4309882,-0.387268066,17.8060913,0.126342773,17.0700073,34.6316528,-32.6513672,0.986022949,-14.2684937,0.502624512,-16.875,-19.3276978,19.9731445,-0.887841645,0.580533288,-0.0880224923,0.11872653,1.09076688,-1.89936475,0.640850657,-0.506513333,0.0595987874,-0.313733854,0.030051312,0.457843699
163,53311454,-1.29242356,18.4093842,0.0402546505,17.1887339,35.7108015,-34.5620199,1.65118894,-14.7375267,0.579958602,-17.1887339,-19.3317436,20.4517647,-0.390014648,17.8088379,0.126342773,17.0700073,34.6316528,-32.6541138,0.986022949,-14.2630005,0.502624512,-16.875,-19.3359375,19.9731445,-0.902408909,0.600546348,-0.086088123,0.11872653,1.07914865,-1.90790613,0.665165994,-0.474526175,0.0773340907,-0.313733854,0.00419387513,0.47862015
164,53343585,-1.30674578,18.427615,0.0416738229,17.1887339,35.6998611,-34.5726523,1.67277043,-14.7069273,0.596389579,-17.1887339,-19.3722596,20.4777663,-0.390014648,17.8088379,0.126342773,17.0700073,34.6289062,-32.6733398,0.988769531,-14.2437744,0.505371094,-16.875,-19.3798828,19.9758911,-0.916731133,0.618777062,-0.0846689505,0.11872653,1.0709549,-1.89931241,0.684000897,-0.463152917,0.091018485,-0.313733854,0.00762321218,0.501875158
165,53349733,-1.31682659,18.4410578,0.0418277284,17.1887339,35.6927578,-34.5795572,1.68745807,-14.6806738,0.607708568,-17.1887339,-19.4133401,20.5033836,-0.39276123,17.8088379,0.126342773,17.0700073,34.6316528,-32.6733398,0.986022949,-14.2437744,0.505371094,-16.875,-19.3441772,19.9758911,-0.924065364,0.632219899,-0.084515045,0.11872653,1.06110498,-1.90621735,0.701435118,-0.436899377,0.102337474,-0.313733854,-0.0691628048,0.527492437
166,53369763,-1.32155404,18.4486647,0.0408797238,17.1887339,35.689245,-34.5829723,1.69441967,-14.6677673,0.614289182,-17.1887339,-19.4537527,20.5303465,-0.39276123,17.8088379,0.123596191,17.0700073,34.6234131,-32.6733398,0.988769531,-14.2245483,0.510864258,-16.875,-19.3414307,19.9758911,-0.928792811,0.639826766,-0.0827164676,0.11872653,1.06583194,-1.90963248,0.705650138,-0.443218955,0.103424924,-0.313733854,-0.112321989,0.554455368
167,53396867,-1.32074781,18.4481013,0.0389955307,17.1887339,35.6897805,-34.5824517,1.69085008,-14.6672668,0.614338769,-17.1887339,-19.489461,20.554612,-0.395507812,17.8198242,0.123596191,17.0700073,34.6069336,-32.6733398,0.988769531,-14.2080688,0.524597168,-16.875,-19.3359375,19.9758911,-0.925239993,0.628277075,-0.0846006607,0.11872653,1.08284694,-1.90911185,0.702080544,-0.459197965,0.0897416015,-0.313733854,-0.153523514,0.578720903
168,53411037,-1.31216089,18.4368694,0.0366613264,17.1887339,35.695875,-34.5765269,1.67624399,-14.6872428,0.607699826,-17.1887339,-19.5166845,20.5709196,-0.398254395,17.828064,0.123596191,17.0700073,34.6069336,-32.6733398,0.991516113,-14.1970825,0.52734375,-16.875,-19.3771362,19.9978638,-0.913906497,0.608805425,-0.086934865,0.11872653,1.0889414,-1.90318708,0.684727876,-0.490160291,0.0803560756,-0.313733854,-0.139548315,0.573055794
169,53438848,-1.29725209,18.4132726,0.0340941699,17.1887339,35.7082082,-34.5645399,1.65034569,-14.7203179,0.593510312,-17.1887339,-19.5230956,20.5825062,-0.403747559,17.8390503,0.123596191,17.0700073,34.6124268,-32.6733398,0.991516113,-14.1943359,0.530090332,-16.875,-19.3579102,19.9978638,-0.893504533,0.574222287,-0.0895020215,0.11872653,1.09578149,-1.89120003,0.658829574,-0.525981979,0.0634199804,-0.313733854,-0.165185403,0.584642389
170,53450398,-1.27747173,18.3808428,0.0315446801,17.1887339,35.7193749,-34.5536899,1.62128637,-14.7697947,0.578226535,-17.1887339,-19.5173692,20.5755745,-0.406494141,17.8417969,0.123596191,17.0700073,34.6124268,-32.6733398,0.994262695,-14.1943359,0.532836914,-16.875,-19.3716431,19.9951172,-0.870977587,0.539045924,-0.0920515113,0.11872653,1.10694812,-1.88035005,0.627023679,-0.57545876,0.0453896207,-0.313733854,-0.145726178,0.580457336
171,53476616,-1.25346894,18.3407542,0.0294252297,17.1887339,35.7334926,-34.5399769,1.58976573,-14.8282753,0.560755423,-17.1887339,-19.500544,20.5602692,-0.409240723,17.84729,0.123596191,17.0700073,34.6206665,-32.6733398,0.994262695,-14.1970825,0.535583496,-16.875,-19.3716431,20.0170898,-0.844228217,0.493464117,-0.0941709617,0.11872653,1.11282607,-1.86663707,0.595503039,-0.63119277,0.025171927,-0.313733854,-0.12890095,0.543179315
172,53489575,-1.22730836,18.3032678,0.0274503403,17.1887339,35.7468545,-34.5270026,1.55812557,-14.8971285,0.542609864,-17.1887339,-19.469271,20.5330941,-0.409240723,17.84729,0.123596191,17.0700073,34.6151733,-32.6733398,0.991516113,-14.1998291,0.535583496,-16.875,-19.3963623,20.0006104,-0.818067636,0.455977777,-0.0961458511,0.11872653,1.13168112,-1.85366271,0.566609453,-0.697299361,0.00702636837,-0.313733854,-0.072908649,0.532483733
173,53514082,-1.20204021,18.2691654,0.0256695798,17.1887339,35.7591654,-34.5150525,1.53043721,-14.9589693,0.524311241,-17.1887339,-19.430632,20.5023229,-0.409240723,17.8445435,0.123596191,17.0700073,34.6316528,-32.6760864,0.991516113,-14.213562,0.535583496,-16.875,-19.3579102,19.9951172,-0.792799488,0.424621907,-0.0979266116,0.11872653,1.12751259,-1.83896606,0.538921096,-0.74540724,-0.0112722548,-0.313733854,-0.0727218343,0.507205745
174,53530321,-1.17776859,18.2369911,0.0246426459,17.1887339,35.7712594,-34.5033166,1.50466568,-15.0243039,0.506296208,-17.1887339,-19.3806583,20.4677757,-0.406494141,17.84729,0.123596191,17.0700073,34.6316528,-32.6760864,0.991516113,-14.2272949,0.535583496,-16.875,-19.3798828,19.9978638,-0.771274447,0.3897011,-0.0989535455,0.11872653,1.13960661,-1.8272302,0.513149562,-0.797009016,-0.0292872886,-0.313733854,-0.000775451229,0.469911913
175,53556289,-1.15719114,18.210974,0.0240560906,17.1887339,35.780326,-34.494521,1.4854264,-15.0755512,0.491414523,-17.1887339,-19.3343448,20.435202,-0.406494141,17.84729,0.123596191,17.0700073,34.6289062,-32.6760864,0.991516113,-14.2492676,0.535583496,-16.875,-19.3606567,19.9978638,-0.750696999,0.36368397,-0.0995401008,0.11872653,1.1514197,-1.81843453,0.493910286,-0.826283653,-0.044168973,-0.313733854,0.0263119087,0.437338221
176,53570569,-1.14472147,18.1916546,0.0257071565,17.1887339,35.7837801,-34.4911705,1.47697855,-15.1145057,0.484245147,-17.1887339,-19.2971958,20.4068338,-0.403747559,17.84729,0.123596191,17.0700073,34.6316528,-32.6760864,0.991516113,-14.2575073,0.535583496,-16.875,-19.3606567,19.9951172,-0.74097391,0.344364567,-0.0978890349,0.11872653,1.1521273,-1.81508406,0.485462434,-0.856998397,-0.0513383494,-0.313733854,0.0634609154,0.411716646
177,53592669,-1.138935,18.1817764,0.028254181,17.1887339,35.7849415,-34.490044,1.4765936,-15.1378718,0.481816024,-17.1887339,-19.2685832,20.3891495,-0.401000977,17.84729,0.123596191,17.0700073,34.6316528,-32.6760864,0.991516113,-14.2877197,0.532836914,-16.875,-19.3579102,19.9951172,-0.737934024,0.33448632,-0.0953420104,0.11872653,1.15328868,-1.81395761,0.485077485,-0.850152029,-0.05102089,-0.313733854,0.0893269681,0.394032339
178,53611076,-1.13839972,18.1776756,0.0315820925,17.1887339,35.782134,-34.4927672,1.48496154,-15.1508205,0.485352457,-17.1887339,-19.2478622,20.3792187,-0.398254395,17.84729,0.123596191,17.0700073,34.637146,-32.6760864,0.991516113,-14.3096924,0.530090332,-16.875,-19.3551636,19.9951172,-0.740145324,0.330385581,-0.0920140989,0.11872653,1.14498796,-1.81668077,0.493445423,-0.841128131,-0.0447378751,-0.313733854,0.107301406,0.38410155
